N,s,roc_a,roc_b,r_ring,k,n_exit,res_t,res_s,opl_est,ang_t,ang_s,off_z,w0,waist_frac,exit_miss,sku_a,sku_b,feasible,reason,opl_m,hole_clear,sep_margin,w_max,envelope_mm,throughput
12,5,100.0,150.0,48.3065740668104,33,396,0.013811949285697622,0.05095153626767335,37.26532564934415,0.020224294371871787,0.020229699469367986,5.532110719180073e-05,0.3468790443665958,0.550810547372231,2.970408792554486,CM254-050-M01,CM254-075-M01,False,no closure (miss 2.97),,,,,,
12,5,100.0,150.0,48.55697040934318,31,372,0.013275635233396699,0.0051153624141111464,34.88896265891499,0.019195176011504077,0.023084789384239912,0.00020889328130731867,0.26437985276402676,0.5932224556095712,1.9679523039363776e-05,CM254-050-M01,CM254-075-M01,False,miss=0.000 clear=0.57 sep=-1.78 env=133,34.874903047385914,0.5703178080291749,-1.7781251877628457,1.040455063310748,133.11394081868636,0.6899158648955463
12,5,100.0,150.0,49.889999999987864,29,348,0.02097618223610631,0.019144449842505296,33.54026747359073,0.02,0.02,0.0,0.35,0.55,100000.0,CM254-050-M01,CM254-075-M01,False,no closure (miss 100000.00),,,,,,
12,5,100.0,150.0,41.868757707347314,27,324,0.0016754072778883966,0.038644192120790066,26.202260337188402,0.027725801787685737,0.027265084689451508,0.0008403222606666484,0.2000472981965981,0.6871176359742186,0.13021753934156405,CM254-050-M01,CM254-075-M01,False,miss=0.130 clear=0.30 sep=-0.36 env=120,26.188979674318237,0.30002826727334875,-0.36095228337852625,0.3873831853296248,119.73751541469463,0.7238568640376019
12,5,100.0,150.0,49.90799999998786,21,252,0.030147881443648217,0.00937553806621061,24.29654277376524,0.02,0.02,0.0,0.35,0.55,100000.0,CM254-050-M01,CM254-075-M01,False,no closure (miss 100000.00),,,,,,
12,5,100.0,150.0,38.804048376963884,25,300,0.005147165316019553,0.014573733082572815,22.485594125014497,0.03843314119577598,0.026128255302566197,0.0009745234819679895,0.20000004758612677,0.6388563915803591,0.18482831581221848,CM254-050-M01,CM254-075-M01,False,miss=0.185 clear=0.30 sep=-0.40 env=114,22.473064361253037,0.30000058941662977,-0.40193442841027865,0.3695389159790414,113.60809675392777,0.741448480636736
12,5,100.0,150.0,41.24939778402238,23,276,0.009912185180651178,0.0026760620907193555,21.991998300373726,0.034024571694062256,0.025139616504597256,-0.0010027886494661685,0.2003117986469216,1.0029896828711848,0.1485251274162231,CM254-050-M01,CM254-075-M01,False,miss=0.149 clear=0.32 sep=-0.43 env=118,21.975248124217615,0.32246355443533337,-0.4334829519679591,0.40368405486410947,118.49879556804476,0.7594676195679024
12,5,100.0,150.0,47.90159054337698,19,228,0.003186249496318183,0.002741877297063766,19.975840641676758,0.02716970207456315,0.015583672456481706,0.0001976774261487838,0.2977223821251338,0.4765897042237701,1.5759646978783806,CM254-050-M01,CM254-075-M01,False,no closure (miss 1.58),,,,,,
12,5,150.0,200.0,66.8954793288084,33,396,0.002231463608284301,0.035404556966353695,51.170206561691494,0.015809286551608535,0.024514924543098338,0.00034445185333336226,0.3195824046941563,0.5621853021068166,5.895711539682328e-05,CM254-075-M01,CM254-100-M01,False,miss=0.000 clear=0.40 sep=-1.17 env=170,51.14756993700938,0.3976378424057816,-1.1748531041752661,0.6317792601549244,169.7909586576168,0.6735469118288683
12,5,150.0,200.0,64.28010200715471,31,372,0.004043445282382763,0.017857447396840698,46.19043391980981,0.018676942474916816,0.02435578471219215,0.00019165319996018433,0.3264058725136414,0.5188950307297973,2.205819260471908e-05,CM254-075-M01,CM254-100-M01,False,miss=0.000 clear=0.34 sep=-0.92 env=165,46.16641863320819,0.3421119687214107,-0.9200280334004063,0.5902663365984127,164.56020401430942,0.6899158648955463
12,5,150.0,200.0,72.58745115159576,25,300,0.0014357750536913017,0.005007380595484889,42.06297877223048,0.019981793395447374,0.02418227588766743,0.0003831647122213818,0.3018145371452576,0.505417204145024,2.585044797134506e-05,CM254-075-M01,CM254-100-M01,False,miss=0.000 clear=0.62 sep=-1.74 env=181,42.03633589745822,0.6151277084707136,-1.7434398286879744,0.9910570173316187,181.17490230319152,0.741448480636736
12,5,150.0,200.0,68.9253853954118,23,276,0.00480960234627581,0.02241384848922401,36.74859396930923,0.02210999331767432,0.017831223247589324,2.5697296263094794e-05,0.3519583134477137,0.5493635949210056,3.204413972495932e-05,CM254-075-M01,CM254-100-M01,False,miss=0.000 clear=0.78 sep=-0.71 env=174,36.72140366601999,0.7768413746603386,-0.7070643196825718,0.7917391919453812,173.8507707908236,0.7594676195679024
12,5,150.0,200.0,62.50828017216601,27,324,0.0012127410803568495,0.07660330445609098,33.73458084021282,0.0213951356241307,0.020408086921926707,-0.00010626677287734515,0.26990208263441273,0.5619923743788491,1.145055485776134,CM254-075-M01,CM254-100-M01,False,no closure (miss 1.15),,,,,,
12,5,150.0,200.0,50.96680764834966,29,348,0.008230803063208114,0.05054977239331215,33.424634561074086,0.0347511102278137,0.027877804072042732,-0.0003611407001299639,0.3483456881530692,0.5891340386419963,3.4355174720686557,CM254-075-M01,CM254-100-M01,False,no closure (miss 3.44),,,,,,
12,5,150.0,200.0,71.0094047851612,21,252,0.00011292588983913276,0.01717225620363827,32.261999872110664,0.020648220515596505,0.018990076067968858,8.16798034861751e-06,0.3485964428244413,0.5393843108762311,0.43561389037379744,CM254-075-M01,CM254-100-M01,False,miss=0.436 clear=0.30 sep=-0.83 env=178,34.53934433692784,0.3000000307521189,-0.8285933249237195,0.9161226734234614,178.0188095703224,0.7779246707428729
12,5,150.0,200.0,60.82544291024705,19,228,0.003294876226773269,0.06851716340634262,26.790671440934055,0.04123224718819246,0.024894342545715542,-2.3921686470158807e-05,0.352033530680853,0.552085445264447,2.6357857503576076e-06,CM254-075-M01,CM254-100-M01,False,miss=0.000 clear=1.38 sep=-1.14 env=158,26.76627649525207,1.381056516560312,-1.138740265436889,0.6354044045340543,157.6508858204941,0.7968302765754722
12,5,200.0,250.0,60.9084016951913,31,372,0.007024398599034143,0.065050580887414,43.7527771401484,0.026219198197998284,0.0356157996445705,-0.0024737655081877767,0.2612560880894501,0.48289258632126497,0.007262826443330089,CM254-100-M01,CM254-125-M01,False,miss=0.007 clear=0.85 sep=-0.47 env=158,43.74461731125842,0.8485620462609968,-0.47317582624132554,0.3640350790086688,157.8168033903826,0.6899158648955463
12,5,200.0,250.0,57.422049921546986,33,396,0.007559581915350222,0.03977118528911738,42.2409718560952,0.042838362628478954,0.025192872370965583,-0.0002752427262320057,0.33206753394083743,0.5322592375020425,6.420611631637515,CM254-100-M01,CM254-125-M01,False,no closure (miss 6.42),,,,,,
12,5,200.0,250.0,74.78494071216244,21,252,0.0005070311516508497,0.07566416970451506,36.39613149899914,0.010972739578496812,0.03720968411763306,0.0010594437060274364,0.3016021904958199,0.589264067184061,3.012228020073785e-05,CM254-100-M01,CM254-125-M01,False,miss=0.000 clear=0.31 sep=-0.74 env=186,36.37539439208792,0.31321674756741036,-0.7380841127360988,0.43267893465480817,185.56988142432488,0.7779246707428729
12,5,200.0,250.0,60.269675895790805,25,300,0.0006258618239041169,0.057572449331248166,34.904309288440906,0.03720244483226014,0.040782176175892734,0.0001938923099019781,0.24026540620307063,0.4369549196228114,2.2465387474791187e-05,CM254-100-M01,CM254-125-M01,False,miss=0.000 clear=1.56 sep=-0.52 env=157,34.90244576755672,1.5598464342452016,-0.5242333931578789,0.3512530953671343,156.53935179158162,0.741448480636736
12,5,200.0,250.0,54.32531685199771,27,324,0.0012079939243090365,0.0459619138616052,33.420369032624464,0.02154527702452247,0.02397915809486885,-0.0014709149161342243,0.20190549219731568,0.6297340026692448,0.7886821648191211,CM254-100-M01,CM254-125-M01,False,no closure (miss 0.79),,,,,,
12,5,200.0,250.0,48.46126354509471,29,348,0.006408895439088624,0.03731937629445348,32.62327158595867,0.0602249431174272,0.017638700941237505,-3.899620092050318e-05,0.31897863129049986,0.5344481154038341,0.8385485386781093,CM254-100-M01,CM254-125-M01,False,no closure (miss 0.84),,,,,,
12,5,200.0,250.0,68.72424434136965,17,204,0.003742090455771674,0.07719558394884807,27.071361758646173,0.01374242912829585,0.03190726755301957,-0.003436795777150787,0.5994975716038113,0.5018850952679015,0.09840342881015283,CM254-100-M01,CM254-125-M01,False,miss=0.098 clear=0.33 sep=-0.99 env=173,27.0538815525099,0.32890602455136,-0.9900420617251565,0.816621352719815,173.4484886827393,0.8161953381180392
12,5,200.0,250.0,60.531752958838375,19,228,0.00016417248179401156,0.04562185237215566,26.058623303113112,0.021469006047850226,0.01847895431299123,-0.0004308744925596741,0.35810086118921036,0.6266375007514491,0.4038069227756511,CM254-100-M01,CM254-125-M01,False,miss=0.404 clear=0.30 sep=-0.58 env=157,26.636430660186576,0.3000377728464898,-0.5790012163043259,0.476429189717834,157.06350591767676,0.7968302765754722
12,5,250.0,500.0,73.28392411053056,33,396,0.00468067860121657,0.011354025673098178,56.07853160205354,0.03020718023326195,0.0272719854594949,0.0011147546397175146,0.2505656118057459,0.6320914356178879,0.4419167106478166,CM254-125-M01,CM254-250-M01,False,miss=0.442 clear=0.30 sep=-0.64 env=183,56.0325713001274,0.2998736407993352,-0.643177138247157,0.36982125792403353,182.56784822106113,0.6735469118288683
12,5,250.0,500.0,72.00660556639178,27,324,0.004579749424395985,0.0715949474153188,45.061227991844035,0.010527209018881295,0.03877887285327393,0.0018708216457125016,0.23247846298106467,0.4328750049421549,0.00010956030861151446,CM254-125-M01,CM254-250-M01,False,miss=0.000 clear=0.32 sep=-0.74 env=180,45.0396000422327,0.32493572010923155,-0.7379278612844817,0.38640545929427944,180.01321113278357,0.7238568640376019
12,5,250.0,500.0,65.81551797098516,29,348,0.0045512080962115675,0.055454845029990096,44.23900101888152,0.01186454072410466,0.03492068758777096,0.001141370796602876,0.44118957286324934,0.5087080383705824,6.373864095048377e-06,CM254-125-M01,CM254-250-M01,False,miss=0.000 clear=0.30 sep=-0.68 env=168,44.21867172723962,0.30393185131932343,-0.6798054073468354,0.5711471726183329,167.6310359419703,0.7066826263699143
12,5,250.0,500.0,59.484225914141064,31,372,0.0010626421359223315,0.050173581983754545,42.75385528763386,0.03223602644138889,0.026206529813952988,-6.137902638343423e-06,0.3537095309400738,0.6288494663678205,2.4208985395345483e-05,CM254-125-M01,CM254-250-M01,False,miss=0.000 clear=0.31 sep=-0.69 env=155,42.72148633384823,0.31251446282297635,-0.6918913073449704,0.465209514951057,154.96845182828213,0.6899158648955463
12,5,250.0,500.0,68.38970415164255,21,252,5.8693099619588907e-05,0.0013440289930297666,33.29407229898343,0.020705124235706168,0.028236011651710375,0.0002713375957853169,0.3651450084600688,0.634143038392285,2.7040589939075806e-05,CM254-125-M01,CM254-250-M01,False,miss=0.000 clear=0.73 sep=-0.79 env=173,33.26357750344856,0.7268159258391877,-0.7919833163907312,0.4844763915124431,172.7794083032851,0.7779246707428729
12,5,250.0,500.0,60.99847214722061,23,276,0.0005233126011940925,0.030090306219156204,32.519322512234645,0.011133006785349338,0.029318122744538107,0.0002825166053402287,0.3763887522051872,0.6700094742688771,7.657545479037183e-06,CM254-125-M01,CM254-250-M01,False,miss=0.000 clear=0.36 sep=-0.75 env=158,32.49709703734822,0.35659097585361277,-0.7453963841566126,0.47168028499270315,157.99694429444122,0.7594676195679024
12,5,250.0,500.0,53.71201717846415,25,300,0.0016013593050043795,0.02929992515009694,31.131403010957897,0.03292445259965135,0.028733713771406398,0.0007746392745772152,0.3911941770589263,0.5563087279171165,1.770651376471431e-05,CM254-125-M01,CM254-250-M01,False,miss=0.000 clear=0.98 sep=-0.93 env=143,31.106735800188414,0.983064988850169,-0.9253498970680842,0.49370430490989414,143.4240343569283,0.741448480636736
12,5,250.0,500.0,76.80964306886543,13,156,0.002258581213473221,0.15137658682120225,23.124635196869455,0.009282673299463298,0.01352206539647664,0.0013837210934667095,0.39292397251245437,0.7574902402760424,0.2938098680427751,CM254-125-M01,CM254-250-M01,False,miss=0.294 clear=0.30 sep=-0.77 env=190,23.1144852278213,0.30003462878479614,-0.769763198003454,0.5445494627372955,189.61928613773085,0.8563487636013165
12,5,500.0,750.0,71.92568667533834,31,372,0.0027725496187915866,0.011853208329130283,51.685222757454596,0.02202143108574927,0.031212247180745296,0.00046969665783314833,0.3970935426180148,0.5745082552160861,4.010253632099464e-05,CM254-250-M01,CM254-375-M01,False,miss=0.000 clear=1.43 sep=-0.29 env=180,51.65899068764389,1.4305566041095688,-0.2929017478964072,0.4470569521282369,179.85137335067668,0.6899158648955463
12,5,500.0,750.0,65.31760770508566,33,396,0.0014784359224702115,0.04253489356874063,48.83691613570891,0.02026874767509665,0.019389008928562025,0.0007426616139562118,0.3242865692290644,0.5647796211164493,0.26083277874485394,CM254-250-M01,CM254-375-M01,False,miss=0.261 clear=0.31 sep=-0.60 env=167,49.939931455517694,0.30791532596948756,-0.6000038758089987,0.3613394406844814,166.63521541017133,0.6735469118288683
12,5,500.0,750.0,72.22809533943752,21,252,0.001210004498956252,0.1220571955691927,35.12551403006615,0.010224481590278557,0.023142294653030526,0.0016132544077859371,0.451421140893843,0.6431785293878736,0.2525076131921934,CM254-250-M01,CM254-375-M01,False,miss=0.253 clear=0.30 sep=-0.73 env=180,35.13099009307809,0.3000107920044264,-0.7338461310741506,0.5003190046628991,180.45619067887503,0.7779246707428729
12,5,500.0,750.0,75.97110674603391,19,228,0.009359346676122371,0.29920471700110873,33.46631619232649,0.032817167384065926,0.007500855824649589,-0.001093642498609937,0.3992800691246259,0.6485568474212333,0.4568685852891411,CM254-250-M01,CM254-375-M01,False,miss=0.457 clear=0.30 sep=-0.66 env=188,33.42821453143062,0.30002867546005185,-0.6564638482103822,0.4535131122708688,187.94221349206782,0.7968302765754722
12,5,500.0,750.0,60.67997762539873,23,276,0.0017076758694951621,0.06556407410593046,32.33910393526904,0.00845695720145597,0.04888039666116799,-0.0015478420596613824,0.5692925045689028,0.16230750284798284,0.0010696352640499353,CM254-250-M01,CM254-375-M01,False,miss=0.001 clear=0.35 sep=-1.14 env=157,32.327431418711036,0.3499557894312977,-1.1417967746991649,0.6204653784994802,157.35995525079744,0.7594676195679024
12,5,500.0,750.0,51.67155755482074,25,300,0.0021550514681916155,0.0237203313321519,29.94099602263991,0.01721543594174567,0.035553703672094705,-0.0014692802554303643,0.20004694464134115,0.7485164562694357,0.0026224006763615115,CM254-250-M01,CM254-375-M01,False,miss=0.003 clear=0.31 sep=-0.87 env=139,29.923690944802598,0.3100135181554293,-0.8734018631384638,0.4704800602938002,139.34311510964147,0.741448480636736
12,5,500.0,750.0,46.02203909534823,27,324,0.0018172563524974095,0.10933355766983333,28.816101987564835,0.04843571401006645,0.010480512172755039,0.00083755593224259,0.22369254020528462,0.5081469284076063,0.33115628008859077,CM254-250-M01,CM254-375-M01,False,miss=0.331 clear=0.30 sep=-0.73 env=128,28.787275652531026,0.30134168692146357,-0.7326819756667409,0.39898936416624253,128.04407819069644,0.7238568640376019
12,5,500.0,750.0,44.20884958964465,29,348,0.0027650461420609673,0.08221619486741893,26.93843491013997,0.03995133447372724,0.013025593524654619,0.002408054402968986,0.3204537233669086,0.5676406347946099,0.9771975492223269,CM254-250-M01,CM254-375-M01,False,no closure (miss 0.98),,,,,,
12,5,750.0,1000.0,73.9575901354847,25,300,0.0013396919460273438,0.01015704076177748,42.85928802342275,0.012247291883517768,0.024235463419467987,0.0005219458325106891,0.35462645354804667,0.6732346988403926,3.611793377137132e-05,CM254-375-M01,CM254-500-M01,False,miss=0.000 clear=0.30 sep=-0.74 env=184,42.83007294991678,0.302702955174597,-0.7387441379698407,0.39206904431618533,183.9151802709694,0.741448480636736
12,5,750.0,1000.0,68.21539494151668,27,324,0.0004639095472516175,0.0982023437165136,41.23810902620724,0.012339511757860439,0.018477772281009407,0.0026834025896590582,0.2131545305088044,0.4874449032043088,0.5637411247720936,CM254-375-M01,CM254-500-M01,False,miss=0.564 clear=0.30 sep=-1.09 env=172,42.66755643103826,0.3000025449466057,-1.085110986413669,0.6076948283541393,172.43078988303336,0.7238568640376019
12,5,750.0,1000.0,75.23791322600134,23,276,0.13271070954343323,0.29845638353753223,40.18660989911471,0.010097452889125096,0.015547941860671061,0.0017150273526892966,0.2758541347777179,0.7773595144545019,1.0047911782797916,CM254-375-M01,CM254-500-M01,False,no closure (miss 1.00),,,,,,
12,5,750.0,1000.0,63.35288892408295,29,348,0.0010724517046316606,0.0735214210066939,38.54071865556087,0.022598228154718875,0.020179224795820447,-0.00034425988231827885,0.289528643738162,0.5521651655227743,1.5685086256796945,CM254-375-M01,CM254-500-M01,False,no closure (miss 1.57),,,,,,
12,5,750.0,1000.0,50.34423905104214,31,372,0.00039054579707631376,0.054851763569848444,36.165282953926386,0.01050236700152802,0.045053615599790514,-0.007291921392159183,0.21228411743675943,0.6265528505539618,0.005050781034561559,CM254-375-M01,CM254-500-M01,False,miss=0.005 clear=0.55 sep=-0.81 env=137,36.158280210756935,0.5548465658739472,-0.810015652000555,0.5213440125559184,136.68847810208428,0.6899158648955463
12,5,750.0,1000.0,44.53460425410424,33,396,0.0011934888154332413,0.03832354424750939,34.05992011332218,0.014853761476771029,0.0407938387641349,-0.00040651060213548623,0.2876937410502337,0.535956588717444,1.3692746309524463e-05,CM254-375-M01,CM254-500-M01,False,miss=0.000 clear=0.47 sep=-0.26 env=125,34.050608007482445,0.4674403730781824,-0.2606856920127106,0.3703270194540829,125.06920850820848,0.6735469118288683
12,5,750.0,1000.0,70.91210697553957,13,156,0.00020581086482529543,0.056303628093067104,21.364038329590034,0.012964752556945397,0.008226038180316284,-0.006991856804413592,0.4767518488766843,1.078761715533835,0.10483337436415896,CM254-375-M01,CM254-500-M01,False,miss=0.105 clear=0.30 sep=-0.43 env=178,21.339596764052075,0.30001063845504494,-0.4255488102947982,0.5066332290804095,177.82421395107914,0.8563487636013165
12,5,750.0,1000.0,73.47912475093642,11,132,0.08453171970892193,0.2999916160468761,18.702534035240504,0.0347762722915778,4.021849691057299e-06,-0.0007918863648751625,0.3240358758214955,0.7279029424552926,1.597253631194392e-05,CM254-375-M01,CM254-500-M01,False,miss=0.000 clear=0.95 sep=-0.75 env=183,18.7043576889251,0.948212119544686,-0.7529308617402506,0.4138871372907059,182.95824950187284,0.8771602801771051
12,5,1000.0,1500.0,70.38693910086062,31,372,3.081447471409149e-05,0.06392786969570885,50.565567904060586,0.018166888705519385,0.01784264590450852,0.00022286751753402222,0.2972997236137247,0.6161934017517412,0.25937099142446973,CM254-500-M01,CM254-750-M01,False,miss=0.259 clear=0.32 sep=-0.76 env=177,50.55367502823023,0.3156482256997215,-0.7593779286189493,0.5208208037989019,176.77387820172123,0.6899158648955463
12,5,1000.0,1500.0,72.12928566520813,29,348,0.0022351009126335697,0.14355920493084007,50.31241806350617,0.014805889346868502,0.01842358016830376,-5.790561104388244e-05,0.4538323739918385,0.31192923028083264,0.9459615766910388,CM254-500-M01,CM254-750-M01,False,no closure (miss 0.95),,,,,,
12,5,1000.0,1500.0,62.281171861749286,33,396,0.0006751102038737855,0.04631323447936175,47.62972522023333,0.009597342552570661,0.0406197415319975,-0.0036291982744690397,0.4886301227146036,0.42095776952641895,0.007588331586352651,CM254-500-M01,CM254-750-M01,False,miss=0.008 clear=0.69 sep=-0.50 env=161,47.61925161829894,0.6912094968053686,-0.5038754530657655,0.5131405521861004,160.56234372349857,0.6735469118288683
12,5,1000.0,1500.0,75.06446586335875,15,180,0.00014820719553476636,0.036784646532231235,26.084865575960283,-0.0001277103429191212,0.03477831519754197,0.0007067300539567459,0.35553542370109625,0.6020584972062197,7.745367085677849e-06,CM254-500-M01,CM254-750-M01,False,miss=0.000 clear=0.49 sep=-0.75 env=186,26.06992532730049,0.49095058142504056,-0.747332444735273,0.45201626875419265,186.1289317267175,0.83603102134702
12,5,1000.0,1500.0,58.736689337280595,17,204,0.00012233849167664346,0.019699558038530185,23.14141912402848,0.009121135234588403,0.03841908434594622,0.0009786196702149244,0.24468106147241958,0.4425218161283496,2.80483163658789e-06,CM254-500-M01,CM254-750-M01,False,miss=0.000 clear=0.48 sep=-0.51 env=153,23.122273111926756,0.48258932307549607,-0.506746318698528,0.5788424316093999,153.4733786745612,0.8161953381180392
12,5,1000.0,1500.0,74.22640590636712,13,156,0.10703797245509072,0.29907921842963425,22.313952969382008,0.031746992448303396,-2.359400199967094e-06,0.00033680591262455104,0.343130873150623,0.8251049144871531,6.950157720941835e-05,CM254-500-M01,CM254-750-M01,False,miss=0.000 clear=0.70 sep=-0.86 env=184,22.33617512189578,0.6991435656453517,-0.8569559255686284,0.46234180122246693,184.45281181273424,0.8563487636013165
12,5,1000.0,1500.0,50.50707385017566,19,228,0.001223878873885198,0.006889912044178104,20.78452919825874,0.015237089278033585,0.018171710654316275,0.0014611116721037162,0.29718602354830775,0.6284977823291951,0.35963607618770244,CM254-500-M01,CM254-750-M01,False,miss=0.360 clear=0.30 sep=-0.42 env=137,22.22496280999749,0.3000012644623835,-0.4157987148629832,0.4397239433905835,137.01414770035132,0.7968302765754722
12,5,1000.0,1500.0,41.43244015114442,21,252,0.0019175749798296948,0.10885757066145807,20.16241114687676,0.01991701279454819,0.010759894181318314,0.0017863882761831639,0.3808087210935984,0.8499548062857083,0.24341361073571474,CM254-500-M01,CM254-750-M01,False,miss=0.243 clear=0.30 sep=-0.70 env=119,20.152903321213756,0.3000048634650845,-0.7042584859201826,0.39215196878968467,118.86488030228884,0.7779246707428729
12,5,200.0,500.0,74.31320943396747,31,372,0.0022041356026551995,0.05657420998125495,52.800565717960055,0.013539106025113634,0.015177109319149382,0.0006639000877925708,0.2536185289413082,0.9796991772131911,0.5859565678675887,CM254-100-M01,CM254-250-M01,False,miss=0.586 clear=0.30 sep=-0.84 env=185,53.37348285519578,0.30001338540856115,-0.8410291931919239,0.4998343860833766,184.62641886793494,0.6899158648955463
12,5,200.0,500.0,66.92621604419145,29,348,0.0045047975211804925,0.038076910214266846,44.990614950239745,0.014011165386089645,0.021541387806842664,0.002055699544762148,0.3375181679015744,0.5733975604001258,0.4709021233472738,CM254-100-M01,CM254-250-M01,False,miss=0.471 clear=0.30 sep=-0.93 env=170,44.964048801927156,0.3002609690123277,-0.9302243869657503,0.6021274213208432,169.8524320883829,0.7066826263699143
12,5,200.0,500.0,75.23106579530764,25,300,5.3039411655575464e-05,0.042810714518134674,43.59068705908843,0.03499470013929381,0.018283613943500844,-0.0023811933418737283,0.2754111379885178,0.5867466184352919,3.0006519671753367e-05,CM254-100-M01,CM254-250-M01,False,miss=0.000 clear=1.54 sep=-0.77 env=186,43.566698103693234,1.5373842374007989,-0.7704739829643283,0.5260812206571055,186.4621315906153,0.741448480636736
12,5,200.0,500.0,58.31369330036678,27,324,0.0033981013665229653,0.05975175258692467,35.873975179529545,0.011797488773125274,0.03272867443106487,-0.0005539780845993188,0.3503734519644085,0.6207825630964892,0.17706291447460093,CM254-100-M01,CM254-250-M01,False,miss=0.177 clear=0.30 sep=-0.91 env=153,36.474813320384136,0.30001254840781133,-0.911757410909288,0.4888752991591124,152.62738660073356,0.7238568640376019
12,5,200.0,500.0,67.12447240332034,23,276,0.0016501606211551945,0.091671243842951,35.806978564216735,0.009510446492893426,0.02197522988443281,0.0020071756176270475,0.26786579660818477,0.6546631068244897,0.33537038802818037,CM254-100-M01,CM254-250-M01,False,miss=0.335 clear=0.30 sep=-0.73 env=170,35.76080209201344,0.30011552843585343,-0.7341981801179429,0.4535547487658077,170.24894480664068,0.7594676195679024
12,5,200.0,500.0,45.63310302838355,33,396,0.0022389087757677117,0.0047469908002977235,34.31696456680747,0.031230746401918537,0.03032020021410157,0.005774358789781359,0.20004126959431803,0.4224950945479896,0.5752169766747195,CM254-100-M01,CM254-250-M01,False,miss=0.575 clear=0.30 sep=-0.58 env=127,34.89084616054247,0.3000665415926329,-0.5838247165288277,0.32068830002238347,127.2662060567671,0.6735469118288683
12,5,200.0,500.0,61.91080447194689,19,228,0.0004207291091642418,0.03312534750337015,27.267251516218206,0.0169535557966973,0.038656044890217,0.0009051171950709156,0.26167292114732366,0.5719287040099811,4.009510631497537e-05,CM254-100-M01,CM254-250-M01,False,miss=0.000 clear=0.85 sep=-0.45 env=160,27.241966799955993,0.8522271794814162,-0.4486897239826667,0.3819517274311041,159.82160894389378,0.7968302765754722
12,5,200.0,500.0,69.27241232068963,17,204,0.0011782087062375268,0.0986441735988226,27.221907094228197,0.019260383031612788,0.03394029028847251,-0.004383572104593747,0.24710056527969235,0.8134601410175345,1.0735237597865752,CM254-100-M01,CM254-250-M01,False,no closure (miss 1.07),,,,,,
12,5,500.0,1000.0,71.88530933532303,33,396,0.0025410334120667954,0.05593228872585776,53.75901141465052,0.01941316928619572,0.013781738835837665,0.0009611815663072786,0.3565417373990003,0.38147493673250654,0.5490106459891879,CM254-250-M01,CM254-500-M01,False,miss=0.549 clear=0.31 sep=-0.58 env=180,54.9614618592328,0.3124738837503793,-0.5793669788236078,0.4075458759507533,179.77061867064606,0.6735469118288683
12,5,500.0,1000.0,76.7616443878346,21,252,0.0022252028197105034,0.07518014385256144,37.34446974784261,0.009209789999470686,0.026055577029476848,0.0018081893597995486,0.20550918273782126,0.6661631929710767,0.14355269721380653,CM254-250-M01,CM254-500-M01,False,miss=0.144 clear=0.30 sep=-1.15 env=190,37.336761682531886,0.30039241092136315,-1.152349088607512,0.5865119333073359,189.5232887756692,0.7779246707428729
12,5,500.0,1000.0,64.59664466498778,23,276,0.002276906837460402,0.004385245241605773,34.44094307845966,0.015590217755662841,0.022921699552978878,0.0003040435535504924,0.35720044821207597,0.5564977043477592,5.663830866326916e-06,CM254-250-M01,CM254-500-M01,False,miss=0.000 clear=0.61 sep=-0.30 env=165,34.41493894553768,0.6099068938673966,-0.3011100400342158,0.39678975521521,165.19328932997556,0.7594676195679024
12,5,500.0,1000.0,57.018014549382954,25,300,0.002974635583440133,0.07401153985969167,33.02770859312754,0.014607080597763113,0.05266443445905561,0.002238966016314829,0.2046896471831396,0.21861953182344948,0.004366034122738143,CM254-250-M01,CM254-500-M01,False,miss=0.004 clear=0.30 sep=-0.96 env=150,33.01990889049104,0.3006194494735668,-0.9592114986497445,0.5275302814880599,150.0360290987659,0.741448480636736
12,5,500.0,1000.0,49.162375715735536,27,324,0.0018459630373239833,0.03408752745027677,30.767720346251068,0.02735982417441881,0.0238100743913534,0.0015162378529657585,0.2759638843009947,0.6196349314865695,0.1625366608895775,CM254-250-M01,CM254-500-M01,False,miss=0.163 clear=0.30 sep=-0.65 env=134,30.74973893524932,0.2999826625602007,-0.6501668156613948,0.3518796857174039,134.32475143147107,0.7238568640376019
12,5,500.0,1000.0,42.81804339454625,29,348,0.0029443609852091157,0.0013460416720878499,28.784527804155832,0.022571187654678034,0.03279553800827344,-0.0035393466701305904,0.20000344258657737,0.8241232819335559,0.025932746464540572,CM254-250-M01,CM254-500-M01,False,miss=0.026 clear=0.30 sep=-0.83 env=122,28.766843424128435,0.30024086466493927,-0.8274895996327737,0.4520199417631391,121.6360867890925,0.7066826263699143
12,5,500.0,1000.0,38.92932061929801,31,372,0.004626697800064861,0.09080178624239998,27.962625382270947,0.03299957940863005,0.028701364209976946,0.00011715163632456576,0.200702955489521,0.5661832427052724,0.41533734824663743,CM254-250-M01,CM254-500-M01,False,miss=0.415 clear=0.30 sep=-0.50 env=114,27.960229942063105,0.30037623874934316,-0.4964713718580796,0.4291720634837297,113.85864123859602,0.6899158648955463
12,5,500.0,1000.0,70.28686255771859,11,132,0.0008470111373615197,0.018644096241951402,17.919670471550173,0.019801315519110407,0.02087866733907557,0.0005916750539286047,0.27047033342924615,0.6945540708054387,0.07180408851626884,CM254-250-M01,CM254-500-M01,False,miss=0.072 clear=0.30 sep=0.51 env=177,17.893770504936732,0.3000156470241173,0.5074789147437753,0.4328193151681794,176.57372511543718,0.8771602801771051
14,5,100.0,150.0,46.29344556118707,33,462,0.0038144572207929883,0.03402870819872028,39.538212767932926,0.04430422131414827,0.02612750692620458,0.0005239361249899932,0.33687904128234625,0.5359585811793564,2.1568050714891045e-05,CM254-050-M01,CM254-075-M01,False,miss=0.000 clear=0.34 sep=-1.86 env=129,38.52677843918236,0.3398828869672963,-1.8558304392613252,1.4404293288927557,128.58689112237414,0.6305072317473175
14,5,100.0,150.0,49.090389264045236,25,350,0.01633600431206439,0.010138955071093747,30.9395722074373,0.02085713620615539,0.020060127332746334,1.3456626073209912e-05,0.3492608834870915,0.5504315939879368,0.13558731069299695,CM254-050-M01,CM254-075-M01,False,miss=0.136 clear=0.93 sep=-3.31 env=134,30.946268378932615,0.9300377975079597,-3.3120216412031582,1.958673550465359,134.18077852809046,0.7052699677998009
14,5,100.0,150.0,45.43903589069666,27,378,0.003355707489605564,0.0005139508518201552,30.939502609369864,0.031879719525168285,0.029005714194145348,0.00010414803732057684,0.38348892045091876,0.5873596768590266,0.005142301279835548,CM254-050-M01,CM254-075-M01,False,miss=0.005 clear=0.31 sep=-1.95 env=127,30.937497353090478,0.30952913911682156,-1.9467859398114573,1.1062285725311904,126.87807178139332,0.6857867046561738
14,5,100.0,150.0,42.27003537835036,29,406,0.008625879094710243,0.020709612142079337,30.91218771273708,0.03966969136488038,0.027434624125444687,-8.59937111205959e-05,0.3372609356253081,0.5499001578048504,9.962677276699874e-06,CM254-050-M01,CM254-075-M01,False,miss=0.000 clear=0.40 sep=-1.23 env=121,30.90996594363689,0.39716763431189817,-1.2259939568698102,0.8457451065950263,120.54007075670071,0.6668416716372577
14,5,100.0,150.0,37.094025731540924,31,434,0.000434705553752579,0.05223495772215081,28.459738518248173,0.03816521082969519,0.03196289230379887,-0.00026393710105681244,0.20000092928784485,0.7186358444098713,7.571973119591689,CM254-050-M01,CM254-075-M01,False,no closure (miss 7.57),,,,,,
14,5,100.0,150.0,47.121231081874,21,294,0.004305378405659255,0.06989313194338642,25.792166327957936,0.0208596056674797,0.02084401515842714,-8.066938852341045e-05,0.3540022371016598,0.542616229846595,6.496216553201727,CM254-050-M01,CM254-075-M01,False,no closure (miss 6.50),,,,,,
14,5,100.0,150.0,49.38823952363326,19,266,0.006153177113509045,0.037751482313288065,23.72018051587359,0.00837311859072777,0.018718485280923916,0.0021663855027877496,0.3510131317535449,0.6136995923884021,4.465871506956403,CM254-050-M01,CM254-075-M01,False,no closure (miss 4.47),,,,,,
14,5,100.0,150.0,36.092936908341784,23,322,0.0018336861433443374,0.028360582816153723,20.92381596457116,0.0451922830246515,0.03306936880128525,0.0006727043434552665,0.2630944446277148,0.4752605806932624,0.07037104663586213,CM254-050-M01,CM254-075-M01,False,miss=0.070 clear=0.30 sep=-0.73 env=108,20.92969834635487,0.3005548066663202,-0.7320202443156075,0.4954262127475099,108.18587381668357,0.7253067522353203
14,5,150.0,200.0,60.35079690945786,31,434,0.005033864284401446,0.00932548557094215,47.18023543378596,0.038958611744421806,0.0372159897669931,0.00036980627047068825,0.3435739732500117,0.33802013154899957,8.617953369866975e-06,CM254-075-M01,CM254-100-M01,False,miss=0.000 clear=0.99 sep=-0.77 env=157,47.18053458717724,0.9927348707901156,-0.773142569124859,0.7376478928932995,156.70159381891574,0.6484199999982735
14,5,150.0,200.0,56.55818453284682,33,462,0.0005780072599907982,0.009291283285660867,47.0689646541666,0.03770660581490158,0.02567467159559568,0.0005056192104191757,0.3547104980438846,0.5468173222524093,3.73194010092226e-05,CM254-075-M01,CM254-100-M01,False,miss=0.000 clear=0.38 sep=-0.63 env=149,47.0691249479436,0.3751035837416219,-0.6278610106763228,0.704940301740983,149.11636906569365,0.6305072317473175
14,5,150.0,200.0,63.98641502091082,29,406,0.0009385537090071949,0.0014174896375269697,46.80664080745522,0.02257395783914274,0.020281319683812284,-6.491533165407222e-07,0.2979285425774255,0.6132277104009615,1.435053449294997e-06,CM254-075-M01,CM254-100-M01,False,miss=0.000 clear=0.31 sep=-0.79 env=164,46.79103099665234,0.31457931270810957,-0.7912250462179684,0.5798527172386826,163.97283004182162,0.6668416716372577
14,5,150.0,200.0,71.4620968855409,25,350,0.01215158477165268,0.007475251694524232,46.58795989270501,0.020961367454972242,0.02040129982936833,0.0001586327215010118,0.3324831597012397,0.5565345241186412,0.6915919011435538,CM254-075-M01,CM254-100-M01,False,no closure (miss 0.69),,,,,,
14,5,150.0,200.0,65.12325606908783,27,378,0.002534810729551751,0.002760674500274618,44.35236309309367,0.022374293832287694,0.0215962080686803,0.0004910089632521573,0.2877492253626216,0.5284532805494677,7.714707554126284e-07,CM254-075-M01,CM254-100-M01,False,miss=0.000 clear=0.33 sep=-1.01 env=166,44.33662727066863,0.327638840554908,-1.0124550609199885,0.568621097734842,166.24651213817566,0.6857867046561738
14,5,150.0,200.0,68.87084079061898,21,294,0.0012995852136672426,0.05098137120552515,37.507493348290375,0.023675008880180037,0.015040342277896766,0.00034705573452540624,0.30659109023730574,0.6284150278967919,0.10630447370392032,CM254-075-M01,CM254-100-M01,False,miss=0.106 clear=0.30 sep=-1.33 env=174,36.466281684650916,0.30000118642406237,-1.3307785284900082,0.7358510448258836,173.74168158123797,0.7459127835533744
14,5,150.0,200.0,69.81248375992045,17,238,0.016181817501434992,0.019510105253546683,32.07522273603326,0.018395629396854747,0.014239564376488482,0.0008990538867350992,0.46302182189224395,0.5807866576441085,0.8075921827061842,CM254-075-M01,CM254-100-M01,False,no closure (miss 0.81),,,,,,
14,5,150.0,200.0,53.74989726429402,23,322,0.00447020471671955,0.015156499843469007,31.171731385876267,0.03915414703090142,0.027434155677456717,-0.0001553568645063859,0.3527441290846036,0.5614935695192269,0.05578697371433783,CM254-075-M01,CM254-100-M01,False,miss=0.056 clear=0.30 sep=-0.96 env=143,31.16894038861817,0.3006250422955097,-0.9628939693331859,0.622711486379171,143.49979452858804,0.7253067522353203
14,5,200.0,250.0,71.73752587896422,31,434,0.00034573876715704444,0.019427639240971573,56.07829767394758,0.04315762582952276,0.024545822927951426,-6.869887979302618e-05,0.357690471586143,0.5510964473518182,3.3276615922635544e-05,CM254-100-M01,CM254-125-M01,False,miss=0.000 clear=0.67 sep=-0.57 env=179,56.082603173317615,0.6724988836855279,-0.5695691066392943,0.6886685200824774,179.47505175792844,0.6484199999982735
14,5,200.0,250.0,67.76679187328955,29,406,0.0029532289230811415,0.035202924982263184,49.553017357099506,0.039203326048343395,0.019148575010180212,0.0003736456719454674,0.4496903536217124,0.560848269234427,0.042520736914294525,CM254-100-M01,CM254-125-M01,False,miss=0.043 clear=0.30 sep=-1.12 env=172,49.55904399526961,0.30001954383630136,-1.124097999994522,0.7477667891537982,171.5335837465791,0.6668416716372577
14,5,200.0,250.0,59.245021557716,33,462,0.007392118093170197,0.10836075718804317,47.040659816212596,0.038457681377938216,0.023365052145613845,0.00014876523426413958,0.3512374418886246,0.5511588508500216,2.73620134527764,CM254-100-M01,CM254-125-M01,False,no closure (miss 2.74),,,,,,
14,5,200.0,250.0,68.44961515084375,21,294,0.0009946948265824318,0.0008124790929233683,34.72620245307715,0.020783917177187257,0.017709411087249098,-0.0018245866393427489,0.34255163543093603,0.547973467324651,3.464476286702522,CM254-100-M01,CM254-125-M01,False,no closure (miss 3.46),,,,,,
14,5,200.0,250.0,57.76855629764108,23,322,7.494787941375591e-05,0.022389363254747607,33.47406002316189,0.03061654050373318,0.0199558444527317,-0.0001549378102475887,0.24813159928065748,0.8430668105053435,0.6739198137577139,CM254-100-M01,CM254-125-M01,False,no closure (miss 0.67),,,,,,
14,5,200.0,250.0,75.4471920406927,17,238,0.0021625406641252454,0.12447867000975243,32.943237766622794,0.016470356888001622,0.016719365156283583,0.0002793274999628151,0.26751947791907194,0.667024053333853,0.8599915367475308,CM254-100-M01,CM254-125-M01,False,no closure (miss 0.86),,,,,,
14,5,200.0,250.0,45.30565253620223,27,378,0.005693468836211579,0.030656985020188543,30.863215773386877,0.026224672953643467,0.038938170729829163,-0.001822980627514009,0.2004301847740399,0.6242664779870719,0.23115944125663096,CM254-100-M01,CM254-125-M01,False,miss=0.231 clear=0.31 sep=-0.46 env=127,30.844365011217423,0.30651450650182843,-0.4576823544697536,0.28565849930593423,126.61130507240446,0.6857867046561738
14,5,200.0,250.0,69.84510884854025,15,210,0.00032777477134082744,0.021977443459752166,26.406605242039163,0.06050105446452919,0.027952193360689534,0.004738101711699929,0.34058387076325963,0.6345517664227533,0.0004046644146959368,CM254-100-M01,CM254-125-M01,False,miss=0.000 clear=0.35 sep=-1.09 env=176,26.412246493593816,0.3510848178490722,-1.0935800885223368,0.6330347078645545,175.6902176970805,0.8113103927077341
14,5,250.0,500.0,70.27948084198076,29,406,0.004968262135841783,0.04316253172265938,55.61933444544538,0.019717151163042117,0.03210170273997434,-0.00021796932491942637,0.43833040357953335,0.6042845314133889,1.242803198723996,CM254-125-M01,CM254-250-M01,False,no closure (miss 1.24),,,,,,
14,5,250.0,500.0,76.10536368251076,27,378,0.005477046722555556,0.007564810660623422,51.85435605306392,0.016816980555679047,0.03611018166163905,0.0015759063603589074,0.20034030180883625,0.3348033113855515,0.43819001037279237,CM254-125-M01,CM254-250-M01,False,miss=0.438 clear=0.52 sep=-0.86 env=188,51.813572087019054,0.5240250085069815,-0.8558316629461027,0.46108256116719626,188.2107273650215,0.6857867046561738
14,5,250.0,500.0,58.34884865995913,33,462,0.002868556359503671,0.008762404340606267,48.57911100853625,0.019132764133407774,0.02853477933192869,-0.0012738675227352736,0.29817386671435775,0.572241214263262,4.150179534828076e-06,CM254-125-M01,CM254-250-M01,False,miss=0.000 clear=0.31 sep=-0.72 env=153,48.556480906569256,0.3092050026441169,-0.7207806461424763,0.3812495270173722,152.69769731991826,0.6305072317473175
14,5,250.0,500.0,57.33026174425643,31,434,0.005616980518004411,0.025117039661315843,44.84036882958807,0.020629575127054135,0.021870207394427604,0.000780790472797484,0.2751778830037825,0.5296652567444122,1.3410441233691742e-05,CM254-125-M01,CM254-250-M01,False,miss=0.000 clear=0.32 sep=-0.56 env=151,44.81829439323359,0.3181427998887343,-0.5559283834372667,0.3510944106121206,150.66052348851287,0.6484199999982735
14,5,250.0,500.0,53.35251943806784,25,350,0.00547189404787396,0.050676043371728596,33.65779528189739,0.029004633788966817,0.020977723493830938,0.0025346470110888496,0.21888086743461593,0.8742943587954979,0.00012710969293457997,CM254-125-M01,CM254-250-M01,False,miss=0.000 clear=0.52 sep=-0.60 env=143,33.63073182182526,0.5179848232459943,-0.603974042750681,0.3404061723880059,142.7050388761357,0.7052699677998009
14,5,250.0,500.0,67.97595813290862,19,266,0.00043747554146200684,0.0024970312365102387,32.58655748288884,0.0176825747352772,0.03566687744710183,0.00047821929866549506,0.20736061132457778,1.576431765459299,4.1233394423976576e-05,CM254-125-M01,CM254-250-M01,False,miss=0.000 clear=1.37 sep=-0.57 env=172,32.56023919711937,1.3670143586027004,-0.5704031214372691,0.4562031902102511,171.95191626581723,0.7671042341100777
14,5,250.0,500.0,51.59840515371846,23,322,0.0015060724393176628,0.04896332379057888,29.94745884941642,0.0292889010479852,0.021407412983398343,-0.00016363029182755513,0.3481174204141163,0.4958012684447428,1.7909966780503707e-05,CM254-125-M01,CM254-250-M01,False,miss=0.000 clear=0.30 sep=-0.25 env=139,29.924306894460774,0.3014472871723224,-0.2480903864041743,0.4357352991340732,139.19681030743692,0.7253067522353203
14,5,250.0,500.0,49.536370803453686,21,294,0.0039052871297062808,0.03245459097441561,26.248827804467233,0.029038526087618595,0.025524375716988963,0.0013123438483685346,0.34753329460397675,0.5596964630143184,2.1327843942441434e-05,CM254-125-M01,CM254-250-M01,False,miss=0.000 clear=0.37 sep=-0.76 env=135,26.22657695671638,0.3714761675284517,-0.7645735938402834,0.4276424980821023,135.07274160690736,0.7459127835533744
14,5,500.0,750.0,70.55172989722246,31,434,0.0035904856338628832,0.06518554369105267,55.158617484597066,0.008079952212071063,0.04174731744878887,-0.000816886529869703,0.31534896303389137,0.842551205429463,0.03987252375321614,CM254-250-M01,CM254-375-M01,False,miss=0.040 clear=0.32 sep=-0.69 env=177,55.152463779547475,0.3179606145793261,-0.6864195872859972,0.3614897923563637,177.10345979444492,0.6484199999982735
14,5,500.0,750.0,72.90747290036241,27,378,0.0002136705225783686,0.0435843110988241,50.79315167394337,0.04137064760766479,0.00937902343241884,0.0008239961651727282,0.4065718149572213,0.728394121552249,0.39938471251728835,CM254-250-M01,CM254-375-M01,False,miss=0.399 clear=0.30 sep=-0.65 env=182,49.64015191440605,0.30003027947041616,-0.6520164186083355,0.4874226999062816,181.81494580072481,0.6857867046561738
14,5,500.0,750.0,53.06884703229173,33,462,0.0038928340666526395,0.056517615263748766,43.214511721018035,0.029771275726044048,0.01828059895874854,-0.0015491406556665036,0.3994198080520919,0.5758607879657508,0.8968856997431419,CM254-250-M01,CM254-375-M01,False,no closure (miss 0.90),,,,,,
14,5,500.0,750.0,52.743549348884144,29,406,0.0009085398172157255,0.10997470634957729,38.611406361766534,0.04862670343536368,0.020523222808895063,-0.0002902420428315958,0.35046995158947447,0.5664906850744389,7.234586683689924e-05,CM254-250-M01,CM254-375-M01,False,miss=0.000 clear=1.52 sep=-0.23 env=141,38.57263832422424,1.5193901683633553,-0.22565935208350435,0.411692673145058,141.4870986977683,0.6668416716372577
14,5,500.0,750.0,63.285765001688986,23,322,0.000744667114750186,0.02663626382317652,36.726795492068945,0.02744403777861991,0.019497337218390313,-0.0009281373653467532,0.20049539738974237,0.6308349534664308,1.9745316363837608e-05,CM254-250-M01,CM254-375-M01,False,miss=0.000 clear=0.79 sep=-0.96 env=163,36.70225286349126,0.7900739904984764,-0.9586156390008577,0.5227641152162253,162.57153000337797,0.7253067522353203
14,5,500.0,750.0,52.28728530705956,25,350,0.0009541511988597762,0.1602104277919505,34.01349779094507,0.022439431739853438,0.018533903884774133,0.0006401192226834164,0.22434811168880164,0.5766728412392645,1.3480426257726672,CM254-250-M01,CM254-375-M01,False,no closure (miss 1.35),,,,,,
14,5,500.0,750.0,67.25092678673835,19,266,0.001320542978445971,0.06430795150814994,32.251036676482165,0.040754911867125154,0.00936052208641383,-0.00116423497760666,0.3273089141524168,0.8670374173074564,0.0002414076644664274,CM254-250-M01,CM254-375-M01,False,miss=0.000 clear=0.34 sep=-0.44 env=171,32.21635986692703,0.3445438486763941,-0.4392363719880552,0.3768667720992552,170.5018535734767,0.7671042341100777
14,5,500.0,750.0,57.41257858911405,21,294,0.0018313625660280053,0.1319975278791805,30.409638983706223,0.0212488324797446,0.011669708074766645,0.0014748448060264065,0.2951323585553362,0.6796584730184507,0.28322517556146287,CM254-250-M01,CM254-375-M01,False,miss=0.283 clear=0.30 sep=-0.59 env=151,30.397058145946303,0.30025329662923195,-0.5906006525232347,0.33792659613078163,150.8251571782281,0.7459127835533744
14,5,750.0,1000.0,68.07153571681113,31,434,3.1303312391983695e-05,0.08153599861682359,53.222284024706035,0.015996429579889816,0.01518968655460707,0.000665959911124906,0.3752354468802277,0.7296057944131584,0.24452625095202032,CM254-375-M01,CM254-500-M01,False,miss=0.245 clear=0.30 sep=-0.74 env=172,53.213250930298656,0.3000098763657615,-0.7440955413962,0.4001549316625295,172.14307143362225,0.6484199999982735
14,5,750.0,1000.0,60.26532941435023,33,462,0.00013115907757388356,0.003502336059421296,50.170841895832154,0.021634379410215003,0.03309401954408919,-0.0012478402486605575,0.43142943010939466,0.46721678285016827,9.282296232632618e-06,CM254-375-M01,CM254-500-M01,False,miss=0.000 clear=0.31 sep=-0.87 env=157,50.15118314620453,0.31424643940083774,-0.8731929455164373,0.4613391733755465,156.53065882870044,0.6305072317473175
14,5,750.0,1000.0,68.43997401001705,27,378,1.1808301936255816e-05,0.03471519088814823,46.60827381430499,0.009839353534030981,0.042187470892458175,-0.0034153784793133487,0.3383448991023189,0.6419237909608584,1.666666366403979e-05,CM254-375-M01,CM254-500-M01,False,miss=0.000 clear=0.75 sep=-0.58 env=173,46.59533682699783,0.7476606031880952,-0.5773473708689394,0.39420483224293884,172.8799480200341,0.6857867046561738
14,5,750.0,1000.0,59.53269085806251,29,406,0.0010048328287286523,0.04189049848246107,43.56571163459314,0.036104493484522535,0.024951000355060298,0.0007496029596075831,0.271841218577888,0.7072498426840259,0.00017231503601118956,CM254-375-M01,CM254-500-M01,False,miss=0.000 clear=0.31 sep=-0.44 env=155,43.53335644444948,0.3146381219037846,-0.44222561132084837,0.44231549217043564,155.06538171612502,0.6668416716372577
14,5,750.0,1000.0,68.92334535744345,23,322,0.0011584998390876677,0.011024453088479547,39.99461678370015,0.022634400578465098,0.019676187733444067,-1.3829214032481506e-05,0.33319211256602266,0.5198475649870211,2.8958478664967654e-06,CM254-375-M01,CM254-500-M01,False,miss=0.000 clear=0.32 sep=-0.75 env=174,39.9687449292993,0.3165162231113139,-0.7492978290189073,0.3962720881216868,173.8466907148869,0.7253067522353203
14,5,750.0,1000.0,58.57660487239275,25,350,0.0003555225532725359,0.08872107598886991,36.96507180219176,0.046930361115262414,0.01356276478345677,0.002815261341551264,0.31444514053544315,0.4869566890614079,0.037541958646146345,CM254-375-M01,CM254-500-M01,False,miss=0.038 clear=1.07 sep=-0.69 env=153,36.92274012446801,1.0690930749469203,-0.6884827967688171,0.385064512011133,153.1532097447855,0.7052699677998009
14,5,750.0,1000.0,69.61062203753659,19,266,0.00027418415452196143,0.05851227379131707,33.38317974038583,0.0431690646196233,0.006064905002174749,-0.0010385315988430898,0.2997774369423276,0.4626854169185757,0.0018203713027960444,CM254-375-M01,CM254-500-M01,False,miss=0.002 clear=0.35 sep=-0.73 env=175,33.34165176305071,0.34869397784050227,-0.7285487851684397,0.43908309392853156,175.22124407507317,0.7671042341100777
14,5,750.0,1000.0,57.23530236275724,21,294,0.0023696390748728646,0.13292333360400654,30.36937648693742,0.009456389967168629,0.023317006480395218,0.001718194707466788,0.38417457397073496,0.576290333915285,0.31344021469267674,CM254-375-M01,CM254-500-M01,False,miss=0.313 clear=0.30 sep=-0.72 env=150,30.303643578091005,0.3049686773564959,-0.7224544507505373,0.4021084428417836,150.47060472551448,0.7459127835533744
14,5,1000.0,1500.0,75.26457108892816,31,434,0.0023682885102704887,0.07490075262448848,57.162206468539246,0.01263095709374551,0.018682300716788315,0.001860782238583679,0.20802245237729122,0.4805956268815833,0.8869539407531689,CM254-500-M01,CM254-750-M01,False,no closure (miss 0.89),,,,,,
14,5,1000.0,1500.0,65.21198645191606,29,406,0.001809908478046296,0.14959664641507509,46.355983387481615,0.020864066017755617,0.020151206619495363,-2.0619156109864327e-05,0.33833182491210423,0.5711409470346728,4.265553619764599,CM254-500-M01,CM254-750-M01,False,no closure (miss 4.27),,,,,,
14,5,1000.0,1500.0,50.8341092791957,33,462,0.0025973714522908864,0.07056667490827628,40.92847980861502,0.02487773114122241,0.023316784017110806,-8.601511822920848e-05,0.3112653173711343,0.5156137967742906,1.785641828718896,CM254-500-M01,CM254-750-M01,False,no closure (miss 1.79),,,,,,
14,5,1000.0,1500.0,69.83489875813969,23,322,0.00011263862833921223,0.1561383709027684,40.501732516811956,0.013468174318507924,0.01143686627406798,0.0009971462669589627,0.42225927334515045,0.8073639457032717,0.4168353254436917,CM254-500-M01,CM254-750-M01,False,miss=0.417 clear=0.30 sep=-0.67 env=176,40.499531108322465,0.30016682765808245,-0.6654457242599636,0.443571506728001,175.66979751627937,0.7253067522353203
14,5,1000.0,1500.0,61.880284131689564,25,350,0.0013184699311086234,0.10592015098956331,37.392671626898014,0.011804390719160306,0.02200502902320349,0.00044818721825765995,0.47318468363958543,0.482029053259604,1.3365390447942658,CM254-500-M01,CM254-750-M01,False,no closure (miss 1.34),,,,,,
14,5,1000.0,1500.0,50.97778414625655,27,378,0.0028383715987008173,0.06640832687918596,34.71842552038448,0.023114360358687552,0.0097856333654565,0.01021402845441205,0.26288016338310527,0.3435059209076069,0.18249577539721934,CM254-500-M01,CM254-750-M01,False,miss=0.182 clear=0.32 sep=-0.98 env=138,34.70816693937939,0.3204029779835431,-0.9785165067185805,0.501000846364956,137.9555682925131,0.6857867046561738
14,5,1000.0,1500.0,68.87033788369513,19,266,0.0003004389899619042,0.10874649732838826,31.4227796000954,0.02143671147407382,0.007915244208889536,0.004826107626198513,0.2766098830504513,0.3192352994062304,0.9186483094475463,CM254-500-M01,CM254-750-M01,False,no closure (miss 0.92),,,,,,
14,5,1000.0,1500.0,53.9209392478659,21,294,0.0011664758206197945,0.064709484783668,28.54061150212294,0.00872983337220868,0.022721126237159384,0.0012576587187240343,0.37524315296130073,0.6047453713631419,0.14263188559451168,CM254-500-M01,CM254-750-M01,False,miss=0.143 clear=0.30 sep=-0.75 env=144,28.54973841491374,0.3000040434129785,-0.7454274453904479,0.3895400407062188,143.8418784957318,0.7459127835533744
14,5,200.0,500.0,72.10554230272204,33,462,0.0029514568294874977,0.014905519701104097,62.15211330271641,0.031096162262887132,0.02941673812824764,-0.00012463565916615108,0.37507779717490863,0.5459415504453045,8.74962527373651e-05,CM254-100-M01,CM254-250-M01,False,miss=0.000 clear=0.32 sep=-1.39 env=180,60.003787804779016,0.32341217163404945,-1.394135105553707,0.8346621438967569,180.21108460544409,0.6305072317473175
14,5,200.0,500.0,68.05555543655169,27,378,0.000358287634712795,0.014884413951568476,44.973555900383744,0.04593384065875285,0.025522327892154334,0.0004903584411553687,0.2895809952684612,0.36680662629888305,3.808844496113235e-05,CM254-100-M01,CM254-250-M01,False,miss=0.000 clear=1.04 sep=-1.24 env=172,46.33673783187225,1.0414234922037213,-1.2356987758230458,1.1030928546287753,172.11111087310337,0.6857867046561738
14,5,200.0,500.0,60.20305731251756,29,406,0.0025665256091631505,0.018051185718347185,41.33437213634725,0.04387945302121455,0.0236821947518455,0.0007969870226380879,0.3341062794389362,0.4937922138170383,9.187076764934136e-05,CM254-100-M01,CM254-250-M01,False,miss=0.000 clear=1.01 sep=-0.90 env=156,44.02780495418113,1.0130334667730416,-0.895639891045665,0.6356890109441158,156.40611462503512,0.6668416716372577
14,5,200.0,500.0,60.6482193840049,23,322,0.0002962289829842035,0.00770990709985675,35.8645827009887,0.04483314904740002,0.0256587509731121,-0.00010599599773955653,0.2900187514084009,0.5681999300616899,9.091650431007991e-05,CM254-100-M01,CM254-250-M01,False,miss=0.000 clear=2.21 sep=-0.45 env=157,35.17352109532013,2.213131929719333,-0.45056086244723403,0.5294510467227322,157.2964387680098,0.7253067522353203
14,5,200.0,500.0,70.10285010098039,19,266,0.0018443786023656372,9.070808868649749e-05,32.954671739060736,0.042910108089427274,0.017712888324202453,0.0022153387318821216,0.20006969472066072,0.6859829668317743,0.7483559646209548,CM254-100-M01,CM254-250-M01,False,no closure (miss 0.75),,,,,,
14,5,200.0,500.0,42.039532137103606,31,434,0.0011768571458841137,0.032134984797759,32.89391085975954,0.044237755456708494,0.019870722742839943,0.0004872176831759945,0.3309397714630744,0.5510343582351847,0.46556937049220765,CM254-100-M01,CM254-250-M01,False,miss=0.466 clear=0.30 sep=-0.68 env=120,32.862254576534184,0.30008765298536333,-0.6798506044925068,0.46009904014318515,120.07906427420721,0.6484199999982735
14,5,200.0,500.0,50.212580514277974,25,350,0.006552452966994693,0.00011021920223619475,31.690079274399604,0.04175308502597325,0.02375159611152422,0.0009250311527082077,0.23864950173549354,0.6942782053709853,0.49102591284224484,CM254-100-M01,CM254-250-M01,False,miss=0.491 clear=0.30 sep=-0.52 env=136,31.65085671515487,0.2999659605839329,-0.5198586649700793,0.3485453023057491,136.42516102855595,0.7052699677998009
14,5,200.0,500.0,60.07593234655124,17,238,0.0023814939110007316,0.05809470809994899,27.000937241005868,0.05214280021426175,0.005743892554208485,0.0002098678374063711,0.4379109650176233,0.6754962019490903,0.4544084778974067,CM254-100-M01,CM254-250-M01,False,miss=0.454 clear=0.30 sep=-0.93 env=156,25.74274099973047,0.3000258227847694,-0.9333013990240588,0.7562262794579045,156.15186469310248,0.7888977357196639
14,5,500.0,1000.0,76.053524658875,31,434,0.00036273579615375695,0.04626314089678196,59.47079143364358,0.017855022400056125,0.019811942784718123,0.0011821306254756608,0.30234539448517717,0.5969963196591466,0.19139027586933702,CM254-250-M01,CM254-500-M01,False,miss=0.191 clear=0.30 sep=-0.66 env=188,59.455110587416456,0.3000675379451887,-0.6611138284930984,0.40318689653884837,188.10704931775,0.6484199999982735
14,5,500.0,1000.0,58.550199736597705,33,462,0.004511463964343321,0.13791852833846896,47.67002621307227,0.025925434354793095,0.01690182693760088,-0.0003996318629267525,0.33527526901617866,-0.1869697266102991,1.480704237129339,CM254-250-M01,CM254-500-M01,False,no closure (miss 1.48),,,,,,
14,5,500.0,1000.0,65.04576735316084,27,378,0.0013874614610376312,0.11835040533585861,44.327842324384854,0.043482574844078095,0.023241977982067882,-0.00010049915954601056,0.40687136445687055,0.5569222844847979,0.14024890644167604,CM254-250-M01,CM254-500-M01,False,miss=0.140 clear=0.30 sep=-0.79 env=166,44.2824884642173,0.3001608133117408,-0.790026388939097,0.48434965154698345,166.09153470632168,0.6857867046561738
14,5,500.0,1000.0,58.23062818878974,29,406,0.00018739855663163496,0.07245047673718652,42.58392225536495,0.0111908613732353,0.05080233054651674,-0.0049382781572375675,0.3870693628523253,0.35550299671226393,0.03888939059849715,CM254-250-M01,CM254-500-M01,False,miss=0.039 clear=0.51 sep=-0.18 env=152,42.58365335951483,0.5086654315245518,-0.1814146342720061,0.42780253161818366,152.46125637757947,0.6668416716372577
14,5,500.0,1000.0,57.74889902867186,25,350,0.001198304524487881,0.0022908816927458275,37.506193704253654,0.04504494805643082,0.012800575096458315,0.0009694327735742729,0.3152003469383917,0.6203763287388093,0.7133814850610641,CM254-250-M01,CM254-500-M01,False,no closure (miss 0.71),,,,,,
14,5,500.0,1000.0,74.05686967986833,19,266,0.0007071118909056651,0.12649264031400342,35.478746834114375,0.012797260993606618,0.01308916342186564,0.001956248264632001,0.35087500694456986,0.6127737188906313,0.301542810623821,CM254-250-M01,CM254-500-M01,False,miss=0.302 clear=0.30 sep=-0.42 env=184,35.474989380536236,0.3001177167257094,-0.4199944170240344,0.3971065586636312,184.11373935973666,0.7671042341100777
14,5,500.0,1000.0,61.19954361673008,21,294,0.002852164723689654,0.06189152991087532,32.43653783419876,0.043822800558289965,0.024862658381449715,2.5467662055978062e-06,0.3263305585769941,0.5559244671699524,7.858153741492707e-06,CM254-250-M01,CM254-500-M01,False,miss=0.000 clear=0.41 sep=-0.49 env=158,32.40536417634041,0.4058786354594486,-0.49480787660680925,0.38013765890006773,158.39908723346016,0.7459127835533744
14,5,500.0,1000.0,53.233157752138794,23,322,0.0018478768830814118,0.14297206214439662,30.843324629650542,0.009230778274220808,0.04028025061542609,-0.00035997986780080253,0.22771664301499844,0.47447200724208216,0.24051278428895545,CM254-250-M01,CM254-500-M01,False,miss=0.241 clear=0.30 sep=-0.83 env=142,30.870671658805165,0.3005084047329136,-0.8264736815281087,0.44570300604839985,142.4663155042776,0.7253067522353203
16,7,100.0,150.0,49.141257551751465,33,528,0.009133607397425081,0.03084040165674118,50.888478139374726,0.019987490606181935,0.019995822130568608,-6.406085074304986e-07,0.35012316600852655,0.5506475076679419,0.1773813252284357,CM254-050-M01,CM254-075-M01,False,miss=0.177 clear=1.17 sep=-3.13 env=134,50.872967411581655,1.1652364054474442,-3.1266789185278028,1.7693737029330323,134.28251510350293,0.5902177892943418
16,7,100.0,150.0,48.55578939422597,31,496,0.01789622608722574,0.0341069717002771,47.236131574183446,0.01635109670704577,0.023463436016526576,0.0003927415308423955,0.3514098886004746,0.5377177750311931,8.241093555562678e-05,CM254-050-M01,CM254-075-M01,False,miss=0.000 clear=1.26 sep=-2.50 env=133,47.21970187659385,1.25867526368476,-2.5012103349786554,1.3299047744533359,133.11157878845194,0.6094199565354497
16,7,100.0,150.0,42.22472712341505,29,464,0.003461792527827967,0.0280049249479557,38.418169401593644,0.03496883081387882,0.028115100931709658,0.004021064680654728,0.20013009231599233,0.14342880136328295,3.4737403572351004,CM254-050-M01,CM254-075-M01,False,no closure (miss 3.47),,,,,,
16,7,100.0,150.0,48.30964209628705,25,400,0.004131307016107755,0.11785134771647243,37.90377446502294,0.021772575666404708,0.014407923021292216,0.00038357491240985646,0.43476417967119557,0.5308212015124939,0.08876678348226208,CM254-050-M01,CM254-075-M01,False,miss=0.089 clear=0.30 sep=-3.00 env=133,37.88320655297006,0.3000614108281656,-2.9985303363005307,1.5997865750337197,132.6192841925741,0.6708567627695097
16,7,100.0,150.0,48.53794369981756,27,432,0.003337410859534984,0.03313014111775736,36.980420306991086,0.024895427303317414,0.010781632427459432,0.0011041691538263292,0.3989924376194199,0.3667866386219021,0.8571000734097672,CM254-050-M01,CM254-075-M01,False,no closure (miss 0.86),,,,,,
16,7,100.0,150.0,46.24609768208398,23,368,0.01647937915277886,0.07232951158123946,33.377226517419345,0.017256109963459044,0.02965533417334005,0.00039355189983412595,0.35569807836214884,0.6588808125329728,0.0004055760128418102,CM254-050-M01,CM254-075-M01,False,miss=0.000 clear=0.35 sep=-1.58 env=128,33.362059285408684,0.35413090420399707,-1.5803172636061504,0.8762912848048013,128.49219536416797,0.6926824413362805
16,7,100.0,150.0,49.4359416340759,19,304,0.013566914350489512,0.047167429211063094,29.47951467756552,0.02,0.02,0.0,0.35,0.55,100000.0,CM254-050-M01,CM254-075-M01,False,no closure (miss 100000.00),,,,,,
16,7,100.0,150.0,48.47551549923445,17,272,0.00730869789027544,0.02593071643597078,25.077754002758343,0.03453624817620496,0.0005101871459518978,0.008256459912046576,0.32296364774599096,-0.43496558453000767,0.05474908187466103,CM254-050-M01,CM254-075-M01,False,miss=0.055 clear=0.35 sep=-2.42 env=133,25.840932786035786,0.3534903037006667,-2.417391564782026,1.3772220151654688,132.9510309984689,0.7625130999383462
16,7,150.0,200.0,70.8871642093242,31,496,0.023262685641947556,0.0008498136355701291,72.05580541727551,0.0240579982690415,0.014545397365495713,0.0004711883629789015,0.31137235330138935,0.5159129704678743,0.002921331289628469,CM254-075-M01,CM254-100-M01,False,miss=0.003 clear=0.62 sep=-1.35 env=178,68.93681409554664,0.6183695915345058,-1.3465945407868243,0.8740295210863241,177.7743284186484,0.6094199565354497
16,7,150.0,200.0,66.0794348766709,33,528,0.006006413309238567,0.006910424206177268,68.43546435634083,0.019431004476009088,0.020434867219320047,1.9293220369725194e-05,0.35130711180793317,0.5503285232406319,9.495546617810217e-05,CM254-075-M01,CM254-100-M01,False,miss=0.000 clear=0.48 sep=-1.08 env=168,68.40906435390997,0.4796262183834914,-1.0842362866315445,0.6971896406402407,168.1588697533418,0.5902177892943418
16,7,150.0,200.0,71.80301055315638,25,400,0.0018351141332022536,0.00867681579693702,56.33469145438297,0.015280505229379283,0.01908282423284345,0.00016265665417649478,0.42002952251549885,0.5518614332837074,2.2218255738465584e-05,CM254-075-M01,CM254-100-M01,False,miss=0.000 clear=1.41 sep=-2.11 env=180,56.30594179082213,1.411730443597165,-2.107768251390135,1.1831882699784655,179.60602110631277,0.6708567627695097
16,7,150.0,200.0,70.31764696568871,23,368,0.009170597999093033,0.030620980496356864,50.756678915927885,0.02133481860197136,0.01795412836381196,0.00025211329595682246,0.35188752434842396,0.5373901720817962,0.0001981426547775707,CM254-075-M01,CM254-100-M01,False,miss=0.000 clear=0.30 sep=-1.14 env=177,50.727464614874094,0.30001530745790506,-1.1401639975935236,0.8848188101180409,176.63529393137742,0.6926824413362805
16,7,150.0,200.0,54.637246090833116,29,464,0.0008948471659149249,0.03948924639250073,48.32444597009708,0.024633700300482342,0.02339002975718625,0.0027777405255542467,0.2874241501323658,0.651140013218741,0.7821290257646099,CM254-075-M01,CM254-100-M01,False,no closure (miss 0.78),,,,,,
16,7,150.0,200.0,71.68478725030809,21,336,0.000788675994234822,0.015871244199024304,47.24336847208674,0.01946386812346923,0.01989853702741384,0.00023925963020891882,0.35397392027175767,0.5568501247600757,1.0674599575662019e-05,CM254-075-M01,CM254-100-M01,False,miss=0.000 clear=1.53 sep=-1.90 env=179,47.21400153402519,1.5328046091019556,-1.900896685394305,0.9999068608848456,179.36957450061618,0.7152181973314035
16,7,150.0,200.0,67.44611691250805,17,272,0.004070652239443362,0.009513048021693393,39.994666411791925,0.007461501259138543,0.02979054515978003,0.002863674474971361,0.42093717434679534,0.4359966807045902,1.183666129691619,CM254-075-M01,CM254-100-M01,False,no closure (miss 1.18),,,,,,
16,7,150.0,200.0,61.360739103306116,19,304,0.0028271467800475847,0.01930246343488129,36.120105806176426,0.02296356199247042,0.027918296996365152,-0.0011619040002312005,0.5897560184415731,0.4304315511355601,0.5146414642008764,CM254-075-M01,CM254-100-M01,False,miss=0.515 clear=0.83 sep=-1.79 env=159,36.5626618662614,0.8310815598565302,-1.7929456855740207,0.9903575832721319,158.72147820661223,0.7384871324400204
16,7,200.0,250.0,76.64110463782443,27,432,0.0019348888067884928,0.03342513584089879,64.93779103402402,0.021310140611990075,0.023872665360987692,-0.0030758633257237534,0.2003827549984768,0.6329373100797533,0.07693919852988812,CM254-100-M01,CM254-125-M01,False,miss=0.077 clear=0.30 sep=-0.59 env=189,64.9107854301977,0.30009154724216414,-0.5896133873739022,0.37513500083644,189.28220927564885,0.6497187878551961
16,7,200.0,250.0,72.68856337326096,29,464,0.0030668375900670952,0.019219666730821316,64.27424297363017,0.02283137401362139,0.031138547444723948,-0.0004951271045658481,0.4457734633728552,0.8341974125094059,0.8665085350100254,CM254-100-M01,CM254-125-M01,False,no closure (miss 0.87),,,,,,
16,7,200.0,250.0,66.05434758609442,31,496,6.127131557498444e-05,0.019332711096152977,63.65155835115912,0.030160434491512983,0.01938687806725188,0.0004951879515854179,0.2955324014265803,0.48153965882756555,0.46402720356510724,CM254-100-M01,CM254-125-M01,False,miss=0.464 clear=0.30 sep=-0.59 env=168,64.23556884576313,0.3018509455250329,-0.5907684442800474,0.4388495695362859,168.10869517218885,0.6094199565354497
16,7,200.0,250.0,60.35469252392559,33,528,0.00551461114367946,0.02000636905785491,62.496707481822845,0.027752074317224526,0.026666264196076456,-0.0005014979355217237,0.28526496850142435,0.6022369139207191,0.019739122643172458,CM254-100-M01,CM254-125-M01,False,miss=0.020 clear=0.31 sep=-0.65 env=157,62.48138358470701,0.31110226331973956,-0.6527081307360486,0.40025610512884235,156.70938504785119,0.5902177892943418
16,7,200.0,250.0,77.29428676347476,21,336,0.004721231473061138,0.0033265162021915984,48.45213532935061,0.028073047900569498,0.01194400028304933,0.001267389837667941,0.5212719330987383,0.452189215230997,1.2090607811565106,CM254-100-M01,CM254-125-M01,False,no closure (miss 1.21),,,,,,
16,7,200.0,250.0,66.24206681965154,23,368,0.004624929366707775,0.0014652362180544998,47.814385844972556,0.01941983894549281,0.020276895583085375,0.00023115597690719086,0.3523400261596079,0.5558724628333502,4.337788037339257e-06,CM254-100-M01,CM254-125-M01,False,miss=0.000 clear=0.45 sep=-0.73 env=168,47.787265791318475,0.45361179605342006,-0.7280498800476042,0.48452309504477403,168.48413363930308,0.6926824413362805
16,7,200.0,250.0,62.549271892047756,25,400,0.0026581157941247824,0.009519440120561384,46.66022544847368,0.04010091735473929,0.02315780414150998,0.00019715891321070347,0.3326444300048137,0.5641506780795194,1.354106545052116,CM254-100-M01,CM254-125-M01,False,no closure (miss 1.35),,,,,,
16,7,200.0,250.0,71.88289956784809,15,240,0.0004477808391154525,0.0948638057799247,32.58997659685369,0.022474149696912,0.014183942343176735,-0.003042672013234035,0.43814856850731587,0.5505185574417968,0.7234868674294518,CM254-100-M01,CM254-125-M01,False,no closure (miss 0.72),,,,,,
16,7,250.0,500.0,72.99974768918774,25,400,0.002059368580754395,0.03285498694173761,60.381803835443804,0.03768612777628335,0.007775754174514076,0.0066829056830044605,0.2018012686247168,0.3918909521867764,0.4365103657311925,CM254-125-M01,CM254-250-M01,False,miss=0.437 clear=0.30 sep=-0.78 env=182,57.242757068174136,0.3005775810878817,-0.7812069820592593,0.4549852066035824,181.99949537837549,0.6708567627695097
16,7,250.0,500.0,74.73534765078881,27,432,0.0008085453856434555,0.027022586009868732,60.23981384832231,0.019829424691465355,0.013371363214990824,-0.0005888163296971288,0.47937424330098843,1.5148471146284823,1.2301798230236032,CM254-125-M01,CM254-250-M01,False,no closure (miss 1.23),,,,,,
16,7,250.0,500.0,65.25869897589192,29,464,0.005778311425105542,0.039835375293614916,59.39027751363482,0.012618173241418177,0.026568923272702764,0.0024051736373435382,0.45461116101878984,0.6203999175836992,9.126667153842356e-06,CM254-125-M01,CM254-250-M01,False,miss=0.000 clear=0.30 sep=-1.04 env=167,59.36658939976388,0.3012217991921742,-1.035926935802178,0.5887648188697165,166.51739795178383,0.6292468477910547
16,7,250.0,500.0,59.49683671454739,31,496,0.006637782897294997,0.010371682569415341,57.88397597005956,0.019112919806880863,0.02550382217753507,3.697455404324559e-05,0.304161773852516,0.57304708497776,1.1952531526776093e-05,CM254-125-M01,CM254-250-M01,False,miss=0.000 clear=0.51 sep=-0.42 env=155,57.85973030705821,0.5093845328745195,-0.4228886882231466,0.3859664149303859,154.99367342909477,0.6094199565354497
16,7,250.0,500.0,53.15325578018611,33,528,0.00025222040064143414,0.02391139192514835,56.49580805193844,0.043128305685815195,0.025176134209692703,0.00024217949470398858,0.34408465449924946,0.5372689931481063,3.672177257131517e-05,CM254-125-M01,CM254-250-M01,False,miss=0.000 clear=1.16 sep=-0.63 env=142,55.02757575874338,1.1620205398203245,-0.6259992494708664,0.47003930101446906,142.3065115603722,0.5902177892943418
16,7,250.0,500.0,76.86910061356511,17,272,0.0016914917895984871,0.091432480603169,40.99880222815222,0.01613186760434216,0.025977726871660882,0.0006517663765969869,0.2001475446287121,0.6313040867008968,0.3236721906221436,CM254-125-M01,CM254-250-M01,False,miss=0.324 clear=0.30 sep=-0.66 env=190,40.97725611050542,0.3015060209839895,-0.6550688490903667,0.4760652795634461,189.73820122713022,0.7625130999383462
16,7,250.0,500.0,67.27830859139232,19,304,0.0015341335824050617,0.07069389480034083,40.108276915026075,0.00815261140980815,0.03576298099513425,-0.0016845656863569984,0.35118492101915133,0.6123001144435364,3.3968877976303195e-05,CM254-125-M01,CM254-250-M01,False,miss=0.000 clear=0.35 sep=-0.70 env=171,40.08833194514134,0.3509084325367886,-0.6976013989793919,0.4568170537265787,170.55661718278463,0.7384871324400204
16,7,250.0,500.0,58.567208705513536,21,336,0.003575256080653233,0.03599980577725681,38.594819562044975,0.016448826947009755,0.03167024859493133,0.0011667225483660707,0.2815074793190322,0.5768215200424633,8.58821776371886e-06,CM254-125-M01,CM254-250-M01,False,miss=0.000 clear=0.33 sep=-0.39 env=153,38.57421758286175,0.3297175800117751,-0.3944644716988502,0.3515276642396918,153.13441741102707,0.7152181973314035
16,7,500.0,750.0,73.96853623978899,27,432,0.0009951765883524644,0.007537830588107752,62.67693188332918,0.019165946800677118,0.024075091532502965,0.0006474388439900589,0.2958661178408373,0.5388850542415604,2.9709227401101847e-06,CM254-250-M01,CM254-375-M01,False,miss=0.000 clear=0.30 sep=-0.72 env=184,62.64607108975408,0.3015905579854945,-0.7192453097454916,0.39211776066426507,183.93707247957798,0.6497187878551961
16,7,500.0,750.0,65.81513978446561,29,464,0.00015685827919220685,0.030613532434101032,59.89451099571411,0.013363570912522122,0.027442267704999898,-4.811803616329857e-05,0.3658756958002607,0.5645446168447498,5.867847827874773e-06,CM254-250-M01,CM254-375-M01,False,miss=0.000 clear=0.32 sep=-0.61 env=168,59.872801063147236,0.32063293009592586,-0.6058014736484267,0.4053833555864216,167.63027956893123,0.6292468477910547
16,7,500.0,750.0,66.87164024284391,25,400,0.06759281399766515,0.29678225948469183,59.617575944952684,0.022943196382048725,0.018526865689737736,-0.0003621806025130161,0.36784601692862084,0.599193985239669,2.419108458576686,CM254-250-M01,CM254-375-M01,False,no closure (miss 2.42),,,,,,
16,7,500.0,750.0,59.047549665500156,31,496,0.000895236421738943,0.05985842002631081,57.43447815290909,0.010767336862734046,0.03259829070134773,-7.000026091309502e-05,0.2902548955885512,0.5860359176077472,0.018126223768509253,CM254-250-M01,CM254-375-M01,False,miss=0.018 clear=0.30 sep=-0.67 env=154,57.422106012285816,0.3028524781641637,-0.6716226673093253,0.3620781025805707,154.0950993310003,0.6094199565354497
16,7,500.0,750.0,53.350839761019685,33,528,0.003600666739314917,0.025620501805898144,54.20896201445401,0.0342693110913995,0.025864085663136964,0.00037910467197551354,0.3323194140264759,0.5772685238610985,0.550606095125947,CM254-250-M01,CM254-375-M01,False,miss=0.551 clear=0.30 sep=-0.65 env=143,55.23192867138355,0.3000482393541195,-0.6500775616920268,0.3746912077159314,142.70167952203937,0.5902177892943418
16,7,500.0,750.0,74.92338240122461,13,208,0.001170582599575809,0.08747281426457754,30.578444574367808,0.021380270296093185,0.014078698310918111,0.0002512513438169344,0.2946253006014258,0.5684024061851436,0.2228516449990833,CM254-250-M01,CM254-375-M01,False,miss=0.223 clear=0.30 sep=-0.21 env=186,30.535259217456485,0.30002640279185444,-0.2112275560971868,0.3918607162201816,185.84676480244923,0.8129354506736306
16,7,500.0,750.0,61.67851617854626,15,240,0.0018140891719742314,0.003520157540537028,29.035610740668037,0.015747733193099325,0.021520125475963686,0.0007737606840015184,0.3668387487042434,0.5336247278656825,1.9724457893245122e-06,CM254-250-M01,CM254-375-M01,False,miss=0.000 clear=0.95 sep=-0.75 env=159,29.00869784707966,0.9516896789360534,-0.7466167425236542,0.4006428057458188,159.35703235709252,0.7873207291459603
16,7,500.0,750.0,37.17948299946221,23,368,0.21157947477543892,0.2989862134199921,26.877617388154896,0.03999570257043787,0.01448293936586361,0.0009228642948550356,0.3557501453741194,0.6418826874019654,1.1457114597795233,CM254-250-M01,CM254-375-M01,False,no closure (miss 1.15),,,,,,
16,7,750.0,1000.0,62.40146793464481,33,528,0.0001704762218519562,0.013924491232140568,77.59941985437625,0.022917757134543755,0.0151739710820704,0.001976985049774189,0.3521795223861762,0.6183673710405065,1.826922336045695,CM254-375-M01,CM254-500-M01,False,no closure (miss 1.83),,,,,,
16,7,750.0,1000.0,76.62657561058336,31,496,0.002757197449630766,0.2901283144228888,74.56987978852403,0.02544856295145284,0.009719621426117923,0.0014753855616635508,0.43417544927125706,0.6255237002171228,0.6306806316915886,CM254-375-M01,CM254-500-M01,False,no closure (miss 0.63),,,,,,
16,7,750.0,1000.0,77.49996301162241,17,272,0.001574470133752115,0.032467050868460134,38.4580504972767,0.023042270589481287,0.011835462903391408,0.0006288894670326379,0.20161427592520392,0.7066196615545042,1.4559832798071342,CM254-375-M01,CM254-500-M01,False,no closure (miss 1.46),,,,,,
16,7,750.0,1000.0,77.49974480355695,15,240,0.0011532340379982742,0.2720120360262097,35.407105773464934,0.01823675464989199,0.018497101423754082,-7.910120587217127e-05,0.3537624769333202,0.6999363689084643,4.989673688811749,CM254-375-M01,CM254-500-M01,False,no closure (miss 4.99),,,,,,
16,7,750.0,1000.0,58.07521575302778,19,304,0.0010873227104095662,0.012676611325188603,34.62573427525877,0.02497310214716976,0.03506919323860215,-0.0024982143115747975,0.20205113720402668,0.700728703810718,0.0001388479066864233,CM254-375-M01,CM254-500-M01,False,miss=0.000 clear=1.15 sep=-0.69 env=152,34.603795153625654,1.149455977755083,-0.6862507367003152,0.5870270996835452,152.15043150605555,0.7384871324400204
16,7,750.0,1000.0,36.05931050425282,29,464,0.3073678998080407,0.2948469501277682,32.87160109872154,0.032351644884571595,0.018688727204317884,0.00045463487288932667,0.43533953409787796,0.5880802756452237,1.7493052850798618,CM254-375-M01,CM254-500-M01,False,no closure (miss 1.75),,,,,,
16,7,750.0,1000.0,49.62795350480283,21,336,0.00227765117669243,0.061265603990941386,32.69071186991312,0.010624861150682709,0.026091593529881704,0.0022410670166272363,0.38258487160638266,0.32053639267665046,0.1036813600213203,CM254-375-M01,CM254-500-M01,False,miss=0.104 clear=0.30 sep=-0.72 env=135,32.68642516385669,0.3014094273321668,-0.7209999795248124,0.4036292320645955,135.25590700960566,0.7152181973314035
16,7,750.0,1000.0,37.60201688456138,27,432,0.11843817428368375,0.2984918711977276,31.838406316580205,0.021651434061727322,0.020695951824977958,0.0001011011610877902,0.24789452994686284,0.5536844458404888,1.150363047605011,CM254-375-M01,CM254-500-M01,False,no closure (miss 1.15),,,,,,
16,7,1000.0,1500.0,75.06673348734418,19,304,0.0002402680469675289,0.11102742605080529,44.77147937782575,0.03447202445116347,0.0038778571793504696,-0.0005127959602552873,0.3139820856224639,0.798342981545945,0.0907278782670046,CM254-500-M01,CM254-750-M01,False,miss=0.091 clear=0.30 sep=-0.60 env=186,44.72785742950586,0.29994462807655675,-0.6012998598904531,0.5086884753103428,186.13346697468836,0.7384871324400204
16,7,1000.0,1500.0,66.76935313800831,21,336,0.0006636971541151837,0.0028108701992533014,44.004611472853,0.017677611634353094,0.021904504911470803,2.7301053552298983e-05,0.34685091290663655,0.565267646440998,9.392407698102603e-06,CM254-500-M01,CM254-750-M01,False,miss=0.000 clear=1.31 sep=-0.57 env=170,43.97553144988665,1.305014617792268,-0.567279026284726,0.4369883292935553,169.53870627601663,0.7152181973314035
16,7,1000.0,1500.0,58.06510290674814,23,368,0.0015311838841487457,0.05421277190138518,41.890819372877466,0.007271977328323713,0.024104025464336043,-0.00021839995518604325,0.35245868584704154,0.6072290598259082,0.08131159350605016,CM254-500-M01,CM254-750-M01,False,miss=0.081 clear=0.31 sep=-0.61 env=152,41.888076178405385,0.307887465187735,-0.6073934161422347,0.40209591984251125,152.13020581349627,0.6926824413362805
16,7,1000.0,1500.0,75.5875383841857,17,272,0.12430013437223941,0.2982553483618826,40.26997676314257,0.03532394737973875,0.003921091638700114,-0.0007018662013166363,0.4244278319575904,1.03799627994023,0.4521542819394569,CM254-500-M01,CM254-750-M01,False,miss=0.452 clear=0.58 sep=-0.57 env=187,40.295594812044826,0.5810042670082598,-0.5726070655425612,0.45359814723206,187.1750767683714,0.7625130999383462
16,7,1000.0,1500.0,51.199988945631446,25,400,0.001415773725833347,0.0450511895285306,38.65074053457895,0.00732544757165712,0.030707063096995044,0.0010118107096276615,0.2530801941936698,0.6626483216955528,0.1604253933790242,CM254-500-M01,CM254-750-M01,False,miss=0.160 clear=0.30 sep=-0.89 env=138,40.14915966206622,0.3000024221002069,-0.8870509218826224,0.5198457129641797,138.3999778912629,0.6708567627695097
16,7,1000.0,1500.0,36.5561387286832,33,528,0.16622276795583524,0.29777477625486704,37.91725541588969,0.03759262926129055,0.010896949800714883,0.0010194344997394955,0.3465162268380816,0.6694204410385255,1.0695885304156183,CM254-500-M01,CM254-750-M01,False,no closure (miss 1.07),,,,,,
16,7,1000.0,1500.0,37.37981267747813,31,496,0.0016029403156725408,0.27678257554998176,36.290567844870026,0.02430453915216514,0.02829365341881661,0.0016323437215331402,0.3267701824163989,0.3671273855461741,1.130269859965461,CM254-500-M01,CM254-750-M01,False,no closure (miss 1.13),,,,,,
16,7,1000.0,1500.0,42.34092071090002,27,432,0.0013936502869942302,0.03786689135791654,35.8686334982536,0.009936217710713832,0.03872204359935606,0.0007866638768785857,0.41529310779005346,0.4755949441153625,3.2458824401392584e-05,CM254-500-M01,CM254-750-M01,False,miss=0.000 clear=0.34 sep=-0.82 env=121,35.86019560509691,0.3390591331792203,-0.8208489597839254,0.43108879503991115,120.68184142180004,0.6497187878551961
16,7,200.0,500.0,62.46677968994777,33,528,0.006352824960627501,0.003571503948011312,64.6986253603065,0.019833731506151586,0.02601192584842974,0.0001366862329129158,0.3454184308531457,0.5441824379591162,0.00839851362265864,CM254-100-M01,CM254-250-M01,False,miss=0.008 clear=0.30 sep=-0.65 env=161,64.66902460319285,0.30007771448699305,-0.6468739307510345,0.5144122149057535,160.93355937989554,0.5902177892943418
16,7,200.0,500.0,67.10180804603579,31,496,0.005830382843088344,0.03278991251968755,64.6497937632725,0.025903901459091896,0.017393294333369093,0.003775902623037264,0.2788147651186589,0.695127382656431,0.3245309326444879,CM254-100-M01,CM254-250-M01,False,miss=0.325 clear=0.31 sep=-0.84 env=170,65.25431875944444,0.31425649481087836,-0.8383111438164699,0.5547509655292069,170.20361609207157,0.6094199565354497
16,7,200.0,500.0,70.27338945049513,29,464,0.005182519203044578,0.03644946266010329,63.94840256463309,0.017703098734083225,0.02205393878932927,0.00025527124732059895,0.35046308296692125,0.5533032090490297,9.255206325951398e-05,CM254-100-M01,CM254-250-M01,False,miss=0.000 clear=0.66 sep=-0.87 env=177,63.92770810068218,0.6574513833868219,-0.8701252365406672,0.5879459697947931,176.54677890099026,0.6292468477910547
16,7,200.0,500.0,73.86277598566181,27,432,0.005672501737715052,0.0017742603447228333,62.58371805027956,0.021984748928922417,0.01805249358078575,0.00023212710514237877,0.35241439777063854,0.5293692372854999,2.651948593561657e-05,CM254-100-M01,CM254-250-M01,False,miss=0.000 clear=0.83 sep=-0.93 env=184,62.55645197723185,0.8277033064861115,-0.9321985028186447,0.6307142926893647,183.72555197132363,0.6497187878551961
16,7,200.0,500.0,61.045616419568375,25,400,0.003127264966797938,0.004576008977293711,48.52920987881236,0.03660012311109505,0.02999018428065016,-0.00027266451112042446,0.33176010933573574,0.6341287059370297,0.0001674774893484562,CM254-100-M01,CM254-250-M01,False,miss=0.000 clear=0.33 sep=-0.46 env=158,47.86890080227623,0.33136211194760357,-0.4602473786239431,0.5124791433968396,158.09123283913675,0.6708567627695097
16,7,200.0,500.0,67.17260089323793,23,368,0.005014650614080907,0.03684745130554923,48.47849517404,0.019241794067936385,0.009914988422529518,-0.000516834389896186,0.20001384100712027,0.8176019973037367,0.0950762701848457,CM254-100-M01,CM254-250-M01,False,miss=0.095 clear=0.30 sep=-0.77 env=170,48.45855382226913,0.30370646128886336,-0.7718212252968077,0.5155092741546603,170.34520178647585,0.6926824413362805
16,7,200.0,500.0,71.5590238392037,21,336,0.0013480054989383206,0.07521038474864916,47.156368894573745,0.03760880171019501,0.013383236084772515,-0.0003950126779791868,0.5771791523516732,0.24632412326709002,7.829553897303468e-05,CM254-100-M01,CM254-250-M01,False,miss=0.000 clear=0.33 sep=-1.56 env=179,47.1316045072134,0.3325206093812958,-1.5555705112886165,1.0804891739406737,179.1180476784074,0.7152181973314035
16,7,200.0,500.0,76.71961015504706,19,304,0.00017325049952354732,0.057493646099912254,45.74943999662263,0.02727066862435937,0.007019677159576583,-3.185903491393979e-05,0.38432729355223205,0.6155285200121879,2.326836450369149e-05,CM254-100-M01,CM254-250-M01,False,miss=0.000 clear=0.43 sep=-0.91 env=189,45.71460245211844,0.4287680972180734,-0.9050487565664246,0.7287688688502558,189.43922031009413,0.7384871324400204
16,7,500.0,1000.0,76.69700516373317,27,432,0.0004947431585886619,0.1241466126503088,65.00219331867649,0.0223158542509896,0.009117663189718187,0.0014505655680592511,0.32775461032126185,0.7793203792652679,0.21085829677390813,CM254-250-M01,CM254-500-M01,False,miss=0.211 clear=0.30 sep=-0.74 env=189,64.95816430632323,0.30001645899021545,-0.7397426316206112,0.3847943099995516,189.39401032746633,0.6497187878551961
16,7,500.0,1000.0,71.05963435234989,29,464,0.0011623012753343431,0.03183019797173081,64.66743586940318,0.010675459090781627,0.0264005076412175,0.00043300515798773713,0.3342205491836743,0.695122999427391,9.020377968801334e-06,CM254-250-M01,CM254-500-M01,False,miss=0.000 clear=0.34 sep=-0.68 env=178,64.64311411095574,0.3428189180951944,-0.6791492097723418,0.376319097026739,178.11926870469978,0.6292468477910547
16,7,500.0,1000.0,63.830783138778045,31,496,0.003833238694491925,0.05021842064863158,62.09096419810856,0.00867407117511923,0.03183075392179477,0.00012146749268956094,0.25901738036606525,0.6965329499219423,3.883870461672877e-05,CM254-250-M01,CM254-500-M01,False,miss=0.000 clear=0.31 sep=-0.58 env=164,62.074157621490045,0.31159962787662265,-0.5809676548075093,0.42984501812423576,163.6615662775561,0.6094199565354497
16,7,500.0,1000.0,76.81782006513836,25,400,0.2797435668568813,0.2994575348318218,60.215462651887215,0.020866407963585437,0.009385549737419063,0.0027435308126420527,0.312699552812747,0.9070297462586605,1.2197356300066255,CM254-250-M01,CM254-500-M01,False,no closure (miss 1.22),,,,,,
16,7,500.0,1000.0,61.08514432613714,33,528,0.003533986436886849,0.010254208956409272,58.662511815714446,0.023702746408661574,0.018938764990694468,0.001410370751895363,0.20001596101139474,0.8162392294846021,1.019908529932453,CM254-250-M01,CM254-500-M01,False,no closure (miss 1.02),,,,,,
16,7,500.0,1000.0,67.93623291567826,15,240,0.0011358203025242375,0.03785357392327349,31.973258812535388,0.006397487519478506,0.0368885360894826,0.0017456243495703582,0.47177678221308383,0.008720480372136602,1.4854458859418959e-06,CM254-250-M01,CM254-500-M01,False,miss=0.000 clear=0.50 sep=-0.95 env=172,31.951550358333737,0.4951228454115135,-0.946035788369803,0.5275623299130822,171.87246583135652,0.7873207291459603
16,7,500.0,1000.0,75.9483456269935,13,208,0.0008920287028342244,0.19176553614420122,31.01501171838143,0.025723301430191775,0.019095050441934255,-0.0007587588150162082,0.20105470195835895,0.47057583170883666,0.7212428706894192,CM254-250-M01,CM254-500-M01,False,no closure (miss 0.72),,,,,,
16,7,500.0,1000.0,59.84865522748575,17,272,0.0017985711013661643,0.06506652836733728,29.643850876515746,0.02235907022598163,0.01813682356342597,0.0004909745631926828,0.33441116908867974,0.4803909646301152,0.6642226360120819,CM254-250-M01,CM254-500-M01,False,no closure (miss 0.66),,,,,,
