run_id,environment,design,perturbation,pass_count,path_m,edge_clear_mm,hole_clear_mm,exit_clear_mm,result
D190_26m_trigas-NOM,nominal,D190_26m_trigas,none,176,25.981825735746,1.1299824700387517,0.8628907116739793,0.9693383512737581,PASS
D190_26m_trigas-al_flexure-Mdtan+,drone/al_flexure,D190_26m_trigas,all mirrors dtan=+1max,176,25.98186544016732,1.0264481566785582,0.8295626134664531,0.9126151012629613,PASS
D190_26m_trigas-al_flexure-Mdtan-,drone/al_flexure,D190_26m_trigas,all mirrors dtan=-1max,176,25.981783369885356,1.204907783298082,0.7729069860128954,0.9143421667084006,PASS
D190_26m_trigas-al_flexure-Mdsag+,drone/al_flexure,D190_26m_trigas,all mirrors dsag=+1max,176,25.981828634477093,0.917573847685029,0.9325460178283207,0.9020171514854274,PASS
D190_26m_trigas-al_flexure-Mdsag-,drone/al_flexure,D190_26m_trigas,all mirrors dsag=-1max,176,25.981822934075627,1.337641421734454,0.797222268407803,0.9011143685198446,PASS
D190_26m_trigas-al_flexure-Mdax+,drone/al_flexure,D190_26m_trigas,all mirrors dax=+1max,176,25.95396798025651,1.1360809340411495,0.8341957090526484,0.0950923104000887,PASS
D190_26m_trigas-al_flexure-Mdax-,drone/al_flexure,D190_26m_trigas,all mirrors dax=-1max,176,26.00967002059619,1.0826081065853344,0.81857292143442,0.08479130300595461,PASS
D190_26m_trigas-al_flexure-Mtiltt+,drone/al_flexure,D190_26m_trigas,all mirrors tiltt=+1max,176,25.98182575602266,1.185338124251366,0.7953786713332718,0.847684651198648,PASS
D190_26m_trigas-al_flexure-Mtiltt-,drone/al_flexure,D190_26m_trigas,all mirrors tiltt=-1max,176,25.981828846292267,1.064555104162568,0.8707083004020948,0.8481292119882797,PASS
D190_26m_trigas-al_flexure-Mtilts+,drone/al_flexure,D190_26m_trigas,all mirrors tilts=+1max,176,25.981834549728145,1.0990556425896498,0.8480907275437763,0.9675890568423362,PASS
D190_26m_trigas-al_flexure-Mtilts-,drone/al_flexure,D190_26m_trigas,all mirrors tilts=-1max,176,25.98181620516582,1.139112998043371,0.8333851814903734,0.9679113353516458,PASS
D190_26m_trigas-al_flexure-Lofft+,drone/al_flexure,D190_26m_trigas,launch input_offset_t=+1max,176,25.98184060417035,1.1470200619428892,0.8027848489889382,0.9007322007589731,PASS
D190_26m_trigas-al_flexure-Lofft-,drone/al_flexure,D190_26m_trigas,launch input_offset_t=-1max,176,25.981810870780485,1.1008858993966064,0.8145806529368358,0.9015079082051627,PASS
D190_26m_trigas-al_flexure-Loffz+,drone/al_flexure,D190_26m_trigas,launch input_offset_z=+1max,176,25.981824866380432,1.0816784606446046,0.8353552189995916,0.9035223390558618,PASS
D190_26m_trigas-al_flexure-Loffz-,drone/al_flexure,D190_26m_trigas,launch input_offset_z=-1max,176,25.981826559597685,1.166948217740249,0.8188573344630066,0.9039666622525323,PASS
D190_26m_trigas-al_flexure-Langt+,drone/al_flexure,D190_26m_trigas,launch input_angle=+1max,176,25.98181894533021,1.1567098136558733,0.8534547039222433,0.9672782331816244,PASS
D190_26m_trigas-al_flexure-Langt-,drone/al_flexure,D190_26m_trigas,launch input_angle=-1max,176,25.981832533834613,1.1031026047889645,0.872349249857164,0.9669856878871728,PASS
D190_26m_trigas-al_flexure-Langs+,drone/al_flexure,D190_26m_trigas,launch input_angle_sag=+1max,176,25.981826128530027,1.1038331628089522,0.8688653835483968,0.9667916694667968,PASS
D190_26m_trigas-al_flexure-Langs-,drone/al_flexure,D190_26m_trigas,launch input_angle_sag=-1max,176,25.98182534514575,1.1560634176465474,0.8569457560044915,0.9662642966022295,PASS
D190_26m_trigas-hybrid-Mdtan+,drone/hybrid,D190_26m_trigas,all mirrors dtan=+1max,176,25.98191655490901,0.8798612123115042,0.7791096783362201,0.8325798300587277,PASS
D190_26m_trigas-hybrid-Mdtan-,drone/hybrid,D190_26m_trigas,all mirrors dtan=-1max,176,25.981719586677055,1.3084812710529201,0.6502539920518003,0.8371137993016067,PASS
D190_26m_trigas-hybrid-Mdsag+,drone/hybrid,D190_26m_trigas,all mirrors dsag=+1max,176,25.981832855080977,0.6132677779843809,1.0361238083230158,0.8081642380525856,PASS
D190_26m_trigas-hybrid-Mdsag-,drone/hybrid,D190_26m_trigas,all mirrors dsag=-1max,176,25.98181917542192,1.6200623654812434,0.7113176365068816,0.8044738164472891,PASS
D190_26m_trigas-hybrid-Mdax+,drone/hybrid,D190_26m_trigas,all mirrors dax=+1max,176,25.919127812932885,1.116533424893226,0.8116277899217827,-0.9842917568539924,FAIL(clearance)
D190_26m_trigas-hybrid-Mdax-,drone/hybrid,D190_26m_trigas,all mirrors dax=-1max,176,26.04445584949793,1.0393227467765827,0.9601460990394091,-1.0132998652178757,FAIL(clearance)
D190_26m_trigas-hybrid-Mtiltt+,drone/hybrid,D190_26m_trigas,all mirrors tiltt=+1max,176,25.981832746955334,1.2765388469374654,0.6936149060684784,0.6445374330084098,PASS
D190_26m_trigas-hybrid-Mtiltt-,drone/hybrid,D190_26m_trigas,all mirrors tiltt=-1max,176,25.981840988170564,0.9545651899791592,0.8797489142043526,0.6455561492102382,PASS
D190_26m_trigas-hybrid-Mtilts+,drone/hybrid,D190_26m_trigas,all mirrors tilts=+1max,176,25.981847647250433,1.0473054844793062,0.8194351562963458,0.9642755235812932,PASS
D190_26m_trigas-hybrid-Mtilts-,drone/hybrid,D190_26m_trigas,all mirrors tilts=-1max,176,25.9817987284336,1.1539448212870247,0.7846137684341334,0.9650743477688437,PASS
D190_26m_trigas-hybrid-Lofft+,drone/hybrid,D190_26m_trigas,launch input_offset_t=+1max,176,25.981861850147716,1.1712484194885702,0.7150152824430629,0.8025609422603888,PASS
D190_26m_trigas-hybrid-Lofft-,drone/hybrid,D190_26m_trigas,launch input_offset_t=-1max,176,25.981789641748737,1.058854958572125,0.7464214518446937,0.8039638555040738,PASS
D190_26m_trigas-hybrid-Loffz+,drone/hybrid,D190_26m_trigas,launch input_offset_z=+1max,176,25.981823545384184,1.0119482185189623,0.7973089390192539,0.8092059121304351,PASS
D190_26m_trigas-hybrid-Loffz-,drone/hybrid,D190_26m_trigas,launch input_offset_z=-1max,176,25.981827657667214,1.2195479116329835,0.7558429810510017,0.8100522121089933,PASS
D190_26m_trigas-hybrid-Langt+,drone/hybrid,D190_26m_trigas,launch input_angle=+1max,176,25.98180708051039,1.2029255272303745,0.8369963533591517,0.9632035830210244,PASS
D190_26m_trigas-hybrid-Langt-,drone/hybrid,D190_26m_trigas,launch input_angle=-1max,176,25.981844449007244,1.0558887710592182,0.8848458190058339,0.9624105406114434,PASS
D190_26m_trigas-hybrid-Langs+,drone/hybrid,D190_26m_trigas,launch input_angle_sag=+1max,176,25.98182682115341,1.0579090640020787,0.8793917881672866,0.9613826919181006,PASS
D190_26m_trigas-hybrid-Langs-,drone/hybrid,D190_26m_trigas,launch input_angle_sag=-1max,176,25.98182466685337,1.2015358325155465,0.8466143687785128,0.9608430817889912,PASS
D160_27m-NOM,nominal,D160_27m,none,228,26.92438391971312,1.0728447797675127,3.4537348440751567,0.993502187359715,PASS
D160_27m-al_flexure-Mdtan+,drone/al_flexure,D160_27m,all mirrors dtan=+1max,228,26.924432727464204,1.1233120073913807,3.294314418929548,0.9299018913958856,PASS
D160_27m-al_flexure-Mdtan-,drone/al_flexure,D160_27m,all mirrors dtan=-1max,228,26.92432269377797,0.985529818700437,3.4696073529486116,0.9243403681155822,PASS
D160_27m-al_flexure-Mdsag+,drone/al_flexure,D160_27m,all mirrors dsag=+1max,228,26.92438807090062,0.8863508629904843,3.4559667257707263,0.901867134643355,PASS
D160_27m-al_flexure-Mdsag-,drone/al_flexure,D160_27m,all mirrors dsag=-1max,228,26.924379939989596,1.1955987987487262,3.333676360508089,0.9041274296521975,PASS
D160_27m-al_flexure-Mdax+,drone/al_flexure,D160_27m,all mirrors dax=+1max,228,26.889193492161947,0.8514994053484752,3.1178067833832177,-1.4365106896819764,FAIL(clearance)
D160_27m-al_flexure-Mdax-,drone/al_flexure,D160_27m,all mirrors dax=-1max,228,26.959654884211904,0.8255182738421699,2.109303596456615,-1.4701509287451324,FAIL(clearance)
D160_27m-al_flexure-Mtiltt+,drone/al_flexure,D160_27m,all mirrors tiltt=+1max,228,26.924382959997942,1.0887644385914312,3.464229577552734,0.9886231512845047,PASS
D160_27m-al_flexure-Mtiltt-,drone/al_flexure,D160_27m,all mirrors tiltt=-1max,228,26.924386373380603,1.046537272170733,3.4435785364903384,0.9885788123120998,PASS
D160_27m-al_flexure-Mtilts+,drone/al_flexure,D160_27m,all mirrors tilts=+1max,228,26.924393425275603,1.0891020737558823,3.415892672136053,0.9892893938589076,PASS
D160_27m-al_flexure-Mtilts-,drone/al_flexure,D160_27m,all mirrors tilts=-1max,228,26.92437340194664,1.0512875744689039,3.472969949155259,0.9880922607839954,PASS
D160_27m-al_flexure-Lofft+,drone/al_flexure,D160_27m,launch input_offset_t=+1max,228,26.924394539364894,1.0448246947804651,3.449990260373835,0.928530065778077,PASS
D160_27m-al_flexure-Lofft-,drone/al_flexure,D160_27m,launch input_offset_t=-1max,228,26.924373276822863,1.0981102469423594,3.409938990080711,0.929045034976601,PASS
D160_27m-al_flexure-Loffz+,drone/al_flexure,D160_27m,launch input_offset_z=+1max,228,26.9243801264747,1.044942580652679,3.4309355385439955,0.9211376260613269,PASS
D160_27m-al_flexure-Loffz-,drone/al_flexure,D160_27m,launch input_offset_z=-1max,228,26.924387662514523,1.0885449676883838,3.43178397783588,0.9210606888647137,PASS
D160_27m-al_flexure-Langt+,drone/al_flexure,D160_27m,launch input_angle=+1max,228,26.924377784467314,1.0593418193199104,3.4714111773275644,0.9863583581993914,PASS
D160_27m-al_flexure-Langt-,drone/al_flexure,D160_27m,launch input_angle=-1max,228,26.924390054152592,1.0863121066711385,3.436063912284327,0.9873988180757993,PASS
D160_27m-al_flexure-Langs+,drone/al_flexure,D160_27m,launch input_angle_sag=+1max,228,26.924384412247655,1.0551872723181974,3.455475501573741,0.9868699143690931,PASS
D160_27m-al_flexure-Langs-,drone/al_flexure,D160_27m,launch input_angle_sag=-1max,228,26.92438342964733,1.0904798106249207,3.4519993767721586,0.9869713717438696,PASS
D160_27m-hybrid-Mdtan+,drone/hybrid,D160_27m,all mirrors dtan=+1max,228,26.924480199545226,1.17189137486382,3.0718587495306204,0.8414598174074861,PASS
D160_27m-hybrid-Mdtan-,drone/hybrid,D160_27m,all mirrors dtan=-1max,228,26.92421611112018,0.861749609008694,3.462585610625134,0.8261697713845173,PASS
D160_27m-hybrid-Mdsag+,drone/hybrid,D160_27m,all mirrors dsag=+1max,228,26.924394179474643,0.6214130576404397,3.459536171804512,0.7692458893842464,PASS
D160_27m-hybrid-Mdsag-,drone/hybrid,D160_27m,all mirrors dsag=-1max,228,26.92437464764756,1.345419802497986,3.1040668473245816,0.7825978523160921,PASS
D160_27m-hybrid-Mdax+,drone/hybrid,D160_27m,all mirrors dax=+1max,228,26.84528271448507,0.8879115177875669,2.652271054174199,-4.238827312169137,FAIL(clearance)
D160_27m-hybrid-Mdax-,drone/hybrid,D160_27m,all mirrors dax=-1max,228,27.003890372405046,0.8361933473940248,1.062965739581823,-4.323895426116154,FAIL(clearance)
D160_27m-hybrid-Mtiltt+,drone/hybrid,D160_27m,all mirrors tiltt=+1max,228,26.924384680412345,1.0892766666619524,3.4540345617098382,0.9801317961061542,PASS
D160_27m-hybrid-Mtiltt-,drone/hybrid,D160_27m,all mirrors tiltt=-1max,228,26.924393782675498,1.0025130302829524,3.4274086305665232,0.9800419386359356,PASS
D160_27m-hybrid-Mtilts+,drone/hybrid,D160_27m,all mirrors tilts=+1max,228,26.9244070186567,1.0901197712964987,3.3528671933691747,0.9818730890003972,PASS
D160_27m-hybrid-Mtilts-,drone/hybrid,D160_27m,all mirrors tilts=-1max,228,26.92435362287481,1.0152306275103078,3.465492063000712,0.9787809395220521,PASS
D160_27m-hybrid-Lofft+,drone/hybrid,D160_27m,launch input_offset_t=+1max,228,26.924409668199598,0.981825706568467,3.444674766104125,0.8359232764886794,PASS
D160_27m-hybrid-Lofft-,drone/hybrid,D160_27m,launch input_offset_t=-1max,228,26.924358034181854,1.1339001240840816,3.287646658333736,0.8361546923605391,PASS
D160_27m-hybrid-Loffz+,drone/hybrid,D160_27m,launch input_offset_z=+1max,228,26.924374619970997,1.0050549808118026,3.3660386647148846,0.8170151794026816,PASS
D160_27m-hybrid-Loffz-,drone/hybrid,D160_27m,launch input_offset_z=-1max,228,26.924392921995317,1.0886963881008742,3.336496897811699,0.8177199215531386,PASS
D160_27m-hybrid-Langt+,drone/hybrid,D160_27m,launch input_angle=+1max,228,26.924367045826475,1.0356263392114269,3.485397976123767,0.9735991408892,PASS
D160_27m-hybrid-Langt-,drone/hybrid,D160_27m,launch input_angle=-1max,228,26.924400787501845,1.1097937406363176,3.405152927331842,0.9762422279452034,PASS
D160_27m-hybrid-Langs+,drone/hybrid,D160_27m,launch input_angle_sag=+1max,228,26.92438528014776,1.024232879659083,3.458534146334758,0.974880241450601,PASS
D160_27m-hybrid-Langs-,drone/hybrid,D160_27m,launch input_angle_sag=-1max,228,26.92438257794815,1.1212866992585029,3.441544331836451,0.9752085506501762,PASS
D180_24m_H2-NOM,nominal,D180_24m_H2,none,176,24.063767634562513,0.6045197944180956,2.228922433716392,0.8344242323631712,PASS
D180_24m_H2-al_flexure-Mdtan+,drone/al_flexure,D180_24m_H2,all mirrors dtan=+1max,176,24.063804591846612,0.7039490648001002,2.163742255604087,0.7759633431468981,PASS
D180_24m_H2-al_flexure-Mdtan-,drone/al_flexure,D180_24m_H2,all mirrors dtan=-1max,176,24.06372801992984,0.4766480061021135,2.2075210079659673,0.7730511499077339,PASS
D180_24m_H2-al_flexure-Mdsag+,drone/al_flexure,D180_24m_H2,all mirrors dsag=+1max,176,24.06377298160377,0.43402107465427164,2.3755736362066546,0.7895476842196789,PASS
D180_24m_H2-al_flexure-Mdsag-,drone/al_flexure,D180_24m_H2,all mirrors dsag=-1max,176,24.063762531619417,0.7177967660158695,2.080228786462025,0.7895894997992245,PASS
D180_24m_H2-al_flexure-Mdax+,drone/al_flexure,D180_24m_H2,all mirrors dax=+1max,176,24.036104984767867,0.6113064348059235,2.193335548520799,-0.14960853064780566,FAIL(clearance)
D180_24m_H2-al_flexure-Mdax-,drone/al_flexure,D180_24m_H2,all mirrors dax=-1max,176,24.091435891530857,0.5163802443064474,2.17931422153783,-0.17528715839287967,FAIL(clearance)
D180_24m_H2-al_flexure-Mtiltt+,drone/al_flexure,D180_24m_H2,all mirrors tiltt=+1max,176,24.063767598364382,0.58849777818363,2.1327531474544057,0.715245633015332,PASS
D180_24m_H2-al_flexure-Mtiltt-,drone/al_flexure,D180_24m_H2,all mirrors tiltt=-1max,176,24.063770789914074,0.5635827468075729,2.256200861850121,0.7153360580123733,PASS
D180_24m_H2-al_flexure-Mtilts+,drone/al_flexure,D180_24m_H2,all mirrors tilts=+1max,176,24.06377523585818,0.6219630280046294,2.2088661812007118,0.8324561412951492,PASS
D180_24m_H2-al_flexure-Mtilts-,drone/al_flexure,D180_24m_H2,all mirrors tilts=-1max,176,24.063759382372073,0.5694857714373556,2.2234956882549857,0.831788070363982,PASS
D180_24m_H2-al_flexure-Lofft+,drone/al_flexure,D180_24m_H2,launch input_offset_t=+1max,176,24.063787776930234,0.5754121899252691,2.1935391707356593,0.7671325465944326,PASS
D180_24m_H2-al_flexure-Lofft-,drone/al_flexure,D180_24m_H2,launch input_offset_t=-1max,176,24.063747471843488,0.622225015776382,2.1915491340650446,0.7666236362900641,PASS
D180_24m_H2-al_flexure-Loffz+,drone/al_flexure,D180_24m_H2,launch input_offset_z=+1max,176,24.063767676630487,0.5684423280830087,2.2093335683208566,0.762648403911394,PASS
D180_24m_H2-al_flexure-Loffz-,drone/al_flexure,D180_24m_H2,launch input_offset_z=-1max,176,24.06376756092587,0.6363889696259979,2.1620184774136684,0.7628640131031321,PASS
D180_24m_H2-al_flexure-Langt+,drone/al_flexure,D180_24m_H2,launch input_angle=+1max,176,24.063762854331504,0.5739889395396973,2.235392093292741,0.8309398663923566,PASS
D180_24m_H2-al_flexure-Langt-,drone/al_flexure,D180_24m_H2,launch input_angle=-1max,176,24.063772414903777,0.6350068246357483,2.222474832716822,0.8316412304549087,PASS
D180_24m_H2-al_flexure-Langs+,drone/al_flexure,D180_24m_H2,launch input_angle_sag=+1max,176,24.06376835758079,0.5849340679994597,2.243501188001641,0.8325337147820898,PASS
D180_24m_H2-al_flexure-Langs-,drone/al_flexure,D180_24m_H2,launch input_angle_sag=-1max,176,24.06376691613327,0.6240245852472772,2.214374307857419,0.8323991388725296,PASS
D180_24m_H2-hybrid-Mdtan+,drone/hybrid,D180_24m_H2,all mirrors dtan=+1max,176,24.063851868289596,0.8329904936131027,2.0754988788790043,0.6943884415406145,PASS
D180_24m_H2-hybrid-Mdtan-,drone/hybrid,D180_24m_H2,all mirrors dtan=-1max,176,24.063668094510923,0.29660182747281905,2.167767665213912,0.6863928069047149,PASS
D180_24m_H2-hybrid-Mdsag+,drone/hybrid,D180_24m_H2,all mirrors dsag=+1max,176,24.063780880642586,0.18033660866515872,2.5855283440375763,0.7269649384229855,PASS
D180_24m_H2-hybrid-Mdsag-,drone/hybrid,D180_24m_H2,all mirrors dsag=-1max,176,24.063755794628893,0.8715490995215519,1.8691776944445837,0.7261981149852429,PASS
D180_24m_H2-hybrid-Mdax+,drone/hybrid,D180_24m_H2,all mirrors dax=+1max,176,24.001533043358425,0.5727766075420666,2.1666326735652874,-1.3611666048674744,FAIL(clearance)
D180_24m_H2-hybrid-Mdax-,drone/hybrid,D180_24m_H2,all mirrors dax=-1max,176,24.126030773604796,0.5235555768467208,2.2371304380939883,-1.4205046105912411,FAIL(clearance)
D180_24m_H2-hybrid-Mtiltt+,drone/hybrid,D180_24m_H2,all mirrors tiltt=+1max,176,24.063774469257318,0.5562477369090779,1.9761378070439048,0.51625363940884,PASS
D180_24m_H2-hybrid-Mtiltt-,drone/hybrid,D180_24m_H2,all mirrors tiltt=-1max,176,24.063782980520262,0.4884593704031143,2.290378217785548,0.5167627445507509,PASS
D180_24m_H2-hybrid-Mtilts+,drone/hybrid,D180_24m_H2,all mirrors tilts=+1max,176,24.06378645822379,0.6396254515122695,2.175794178273925,0.8288138429127352,PASS
D180_24m_H2-hybrid-Mtilts-,drone/hybrid,D180_24m_H2,all mirrors tilts=-1max,176,24.063744182316626,0.5109911760627031,2.20309499980458,0.827310395561468,PASS
D180_24m_H2-hybrid-Lofft+,drone/hybrid,D180_24m_H2,launch input_offset_t=+1max,176,24.06381651624465,0.5239503379937858,2.143831029039684,0.670722887470742,PASS
D180_24m_H2-hybrid-Lofft-,drone/hybrid,D180_24m_H2,launch input_offset_t=-1max,176,24.063718632852378,0.6474476457058805,2.1297216598268744,0.6696662972310704,PASS
D180_24m_H2-hybrid-Loffz+,drone/hybrid,D180_24m_H2,launch input_offset_z=+1max,176,24.063767681903443,0.5113005615795377,2.1814389990159353,0.6598489338250462,PASS
D180_24m_H2-hybrid-Loffz-,drone/hybrid,D180_24m_H2,launch input_offset_z=-1max,176,24.063767401028898,0.6815878404419851,2.058153301938929,0.6605030302219718,PASS
D180_24m_H2-hybrid-Langt+,drone/hybrid,D180_24m_H2,launch input_angle=+1max,176,24.06375448915527,0.520455457656344,2.245960695130944,0.824698952673711,PASS
D180_24m_H2-hybrid-Langt-,drone/hybrid,D180_24m_H2,launch input_angle=-1max,176,24.063780780803555,0.6882526936171691,2.2112447024648496,0.8264392023627141,PASS
D180_24m_H2-hybrid-Langs+,drone/hybrid,D180_24m_H2,launch input_angle_sag=+1max,176,24.063769633917662,0.5504657291265027,2.2690865484557223,0.8287654555498192,PASS
D180_24m_H2-hybrid-Langs-,drone/hybrid,D180_24m_H2,launch input_angle_sag=-1max,176,24.063765669912122,0.6579617780542569,2.18898996567209,0.8288469401788032,PASS
D180_15m_sparse-NOM,nominal,D180_15m_sparse,none,112,15.538230496051236,6.3041455928181565,1.6236120196419859,1.0240499089966288,PASS
D180_15m_sparse-al_flexure-Mdtan+,drone/al_flexure,D180_15m_sparse,all mirrors dtan=+1max,112,15.53821790507696,6.218484400460779,1.6104713951663259,0.9197523983457998,PASS
D180_15m_sparse-al_flexure-Mdtan-,drone/al_flexure,D180_15m_sparse,all mirrors dtan=-1max,112,15.538238758338137,6.36596094586513,1.5732352069837352,0.9202196817795368,PASS
D180_15m_sparse-al_flexure-Mdsag+,drone/al_flexure,D180_15m_sparse,all mirrors dsag=+1max,112,15.538232070593063,6.190308637290755,1.7459518001186767,0.9726305409735385,PASS
D180_15m_sparse-al_flexure-Mdsag-,drone/al_flexure,D180_15m_sparse,all mirrors dsag=-1max,112,15.538229035284562,6.385622828155499,1.4365453798953043,0.9728484915211857,PASS
D180_15m_sparse-al_flexure-Mdax+,drone/al_flexure,D180_15m_sparse,all mirrors dax=+1max,112,15.520531253293585,6.202509190540788,1.442015316788092,0.5542451124770686,PASS
D180_15m_sparse-al_flexure-Mdax-,drone/al_flexure,D180_15m_sparse,all mirrors dax=-1max,112,15.55593590110636,6.2225888494009665,1.572318874143396,0.5621890034868449,PASS
D180_15m_sparse-al_flexure-Mtiltt+,drone/al_flexure,D180_15m_sparse,all mirrors tiltt=+1max,112,15.538230367936746,6.3027782732412545,1.5915946073437501,1.0235972347926516,PASS
D180_15m_sparse-al_flexure-Mtiltt-,drone/al_flexure,D180_15m_sparse,all mirrors tiltt=-1max,112,15.53823162738938,6.305514677506292,1.6105955564009558,1.0235919887645826,PASS
D180_15m_sparse-al_flexure-Mtilts+,drone/al_flexure,D180_15m_sparse,all mirrors tilts=+1max,112,15.538228050168813,6.277611091040073,1.6270662969525647,0.9918288807317508,PASS
D180_15m_sparse-al_flexure-Mtilts-,drone/al_flexure,D180_15m_sparse,all mirrors tilts=-1max,112,15.538232406355304,6.32849898022484,1.6189276041719436,0.9919865385508546,PASS
D180_15m_sparse-al_flexure-Lofft+,drone/al_flexure,D180_15m_sparse,launch input_offset_t=+1max,112,15.538247524919349,6.356944687155507,1.5918423280011802,0.9550246467431841,PASS
D180_15m_sparse-al_flexure-Lofft-,drone/al_flexure,D180_15m_sparse,launch input_offset_t=-1max,112,15.538213476300145,6.244396785820648,1.6006323244453613,0.955716990315896,PASS
D180_15m_sparse-al_flexure-Loffz+,drone/al_flexure,D180_15m_sparse,launch input_offset_z=+1max,112,15.538229561451548,6.299586425591752,1.6456398496962945,0.9546805619291505,PASS
D180_15m_sparse-al_flexure-Loffz-,drone/al_flexure,D180_15m_sparse,launch input_offset_z=-1max,112,15.538231380117846,6.30869465236031,1.591700423463726,0.9547352810471144,PASS
D180_15m_sparse-al_flexure-Langt+,drone/al_flexure,D180_15m_sparse,launch input_angle=+1max,112,15.538235776659265,6.327492687397676,1.616072486479856,1.0234028669729929,PASS
D180_15m_sparse-al_flexure-Langt-,drone/al_flexure,D180_15m_sparse,launch input_angle=-1max,112,15.53822521619484,6.2807473874493835,1.631190335266223,1.0234311782705567,PASS
D180_15m_sparse-al_flexure-Langs+,drone/al_flexure,D180_15m_sparse,launch input_angle_sag=+1max,112,15.538230712418706,6.288603645120226,1.6462840856612555,1.0235415244218253,PASS
D180_15m_sparse-al_flexure-Langs-,drone/al_flexure,D180_15m_sparse,launch input_angle_sag=-1max,112,15.538230281894512,6.3195750278827365,1.6010227169145557,1.0234645092895334,PASS
D180_15m_sparse-hybrid-Mdtan+,drone/hybrid,D180_15m_sparse,all mirrors dtan=+1max,112,15.538193005438586,6.05040605107814,1.5715800292337014,0.7737177556952923,PASS
D180_15m_sparse-hybrid-Mdtan-,drone/hybrid,D180_15m_sparse,all mirrors dtan=-1max,112,15.538243053449802,6.416837562594253,1.5056662368822842,0.7747020813080941,PASS
D180_15m_sparse-hybrid-Mdsag+,drone/hybrid,D180_15m_sparse,all mirrors dsag=+1max,112,15.538234466217906,5.971004837808345,1.9207666567200696,0.9000656384546335,PASS
D180_15m_sparse-hybrid-Mdsag-,drone/hybrid,D180_15m_sparse,all mirrors dsag=-1max,112,15.538227181235957,6.4921781190051835,1.1659562397637468,0.9015356903826337,PASS
D180_15m_sparse-hybrid-Mdax+,drone/hybrid,D180_15m_sparse,all mirrors dax=+1max,112,15.498415180037055,6.123621385448218,1.2125292503241905,-0.027057926297846313,FAIL(clearance)
D180_15m_sparse-hybrid-Mdax-,drone/hybrid,D180_15m_sparse,all mirrors dax=-1max,112,15.578076953039266,6.121278141713013,1.4859526285681577,-0.01035906782233309,FAIL(clearance)
D180_15m_sparse-hybrid-Mtiltt+,drone/hybrid,D180_15m_sparse,all mirrors tiltt=+1max,112,15.538232383788085,6.300503357980434,1.5135248527218503,1.022777352972343,PASS
D180_15m_sparse-hybrid-Mtiltt-,drone/hybrid,D180_15m_sparse,all mirrors tiltt=-1max,112,15.538235742350484,6.263770288861792,1.5889755418471108,1.0227343072056438,PASS
D180_15m_sparse-hybrid-Mtilts+,drone/hybrid,D180_15m_sparse,all mirrors tilts=+1max,112,15.538222783507925,6.233244933592256,1.6075804427106193,0.9381305644553801,PASS
D180_15m_sparse-hybrid-Mtilts-,drone/hybrid,D180_15m_sparse,all mirrors tilts=-1max,112,15.538234400037767,6.3269002435350945,1.611143508492059,0.9383750009368033,PASS
D180_15m_sparse-hybrid-Lofft+,drone/hybrid,D180_15m_sparse,launch input_offset_t=+1max,112,15.538271868126415,6.385352404191901,1.5273804687618213,0.8563192749511873,PASS
D180_15m_sparse-hybrid-Lofft-,drone/hybrid,D180_15m_sparse,launch input_offset_t=-1max,112,15.538189177753473,6.158522058098952,1.568408758987356,0.8580765958635383,PASS
D180_15m_sparse-hybrid-Loffz+,drone/hybrid,D180_15m_sparse,launch input_offset_z=+1max,112,15.538228138631384,6.293055892974512,1.655306588019993,0.8555217216809065,PASS
D180_15m_sparse-hybrid-Loffz-,drone/hybrid,D180_15m_sparse,launch input_offset_z=-1max,112,15.538232555430984,6.313768179965295,1.5463848286172879,0.8556318367132678,PASS
D180_15m_sparse-hybrid-Langt+,drone/hybrid,D180_15m_sparse,launch input_angle=+1max,112,15.538245019542266,6.368224973198396,1.6029721238639183,1.0222026712762438,PASS
D180_15m_sparse-hybrid-Langt-,drone/hybrid,D180_15m_sparse,launch input_angle=-1max,112,15.53821597824447,6.239679637161216,1.644545211439461,1.022248706716235,PASS
D180_15m_sparse-hybrid-Langs+,drone/hybrid,D180_15m_sparse,launch input_angle_sag=+1max,112,15.538231096381953,6.2611377757068025,1.6861542247175,1.0224910856809242,PASS
D180_15m_sparse-hybrid-Langs-,drone/hybrid,D180_15m_sparse,launch input_angle_sag=-1max,112,15.53822991243934,6.346302507674243,1.5616958897074102,1.0224312753782594,PASS
D130_9m_halfinch-NOM,nominal,D130_9m_halfinch,none,98,9.280286551311377,0.42232334662905463,1.0795151684687772,0.49293978767938196,PASS
D130_9m_halfinch-al_flexure-Mdtan+,drone/al_flexure,D130_9m_halfinch,all mirrors dtan=+1max,98,9.280371892142329,0.46044493684987015,0.9184177318814591,0.442310968867154,PASS
D130_9m_halfinch-al_flexure-Mdtan-,drone/al_flexure,D130_9m_halfinch,all mirrors dtan=-1max,98,9.280191879951486,0.3190209878387012,1.0871505177706942,0.47018005968162874,PASS
D130_9m_halfinch-al_flexure-Mdsag+,drone/al_flexure,D130_9m_halfinch,all mirrors dsag=+1max,98,9.280287015301163,0.4046814394690913,1.0041844327113714,0.49346843607522584,PASS
D130_9m_halfinch-al_flexure-Mdsag-,drone/al_flexure,D130_9m_halfinch,all mirrors dsag=-1max,98,9.280286051958159,0.40531809070878005,1.1414945390672702,0.4896689610200225,PASS
D130_9m_halfinch-al_flexure-Mdax+,drone/al_flexure,D130_9m_halfinch,all mirrors dax=+1max,98,9.266046712769173,0.33961817184133253,0.9761651069694854,-0.1935171282192163,FAIL(clearance)
D130_9m_halfinch-al_flexure-Mdax-,drone/al_flexure,D130_9m_halfinch,all mirrors dax=-1max,98,9.294577654951668,0.3148302489772439,0.5589221531965138,-0.20264077851538986,FAIL(clearance)
D130_9m_halfinch-al_flexure-Mtiltt+,drone/al_flexure,D130_9m_halfinch,all mirrors tiltt=+1max,98,9.280286466757431,0.42166832854888103,1.0859134073316588,0.4921640666484244,PASS
D130_9m_halfinch-al_flexure-Mtiltt-,drone/al_flexure,D130_9m_halfinch,all mirrors tiltt=-1max,98,9.280287038855898,0.42298101865793314,1.073190846429808,0.4932541842941132,PASS
D130_9m_halfinch-al_flexure-Mtilts+,drone/al_flexure,D130_9m_halfinch,all mirrors tilts=+1max,98,9.280300268536099,0.43765164039708215,1.0475124420762318,0.4928507396420591,PASS
D130_9m_halfinch-al_flexure-Mtilts-,drone/al_flexure,D130_9m_halfinch,all mirrors tilts=-1max,98,9.280272403482888,0.40003731351455385,1.1116665093170979,0.49301191301940844,PASS
D130_9m_halfinch-al_flexure-Lofft+,drone/al_flexure,D130_9m_halfinch,launch input_offset_t=+1max,98,9.280287892810453,0.3455461236665627,1.0497033484866662,0.4245378983052175,PASS
D130_9m_halfinch-al_flexure-Lofft-,drone/al_flexure,D130_9m_halfinch,launch input_offset_t=-1max,98,9.28028521353508,0.47598204524826787,1.10209780485885,0.4573320191994007,PASS
D130_9m_halfinch-al_flexure-Loffz+,drone/al_flexure,D130_9m_halfinch,launch input_offset_z=+1max,98,9.280284459683479,0.38721581215610734,1.051191055814018,0.44285037223718443,PASS
D130_9m_halfinch-al_flexure-Loffz-,drone/al_flexure,D130_9m_halfinch,launch input_offset_z=-1max,98,9.280288573596918,0.4566940382123553,1.108921829619532,0.4432026728735276,PASS
D130_9m_halfinch-al_flexure-Langt+,drone/al_flexure,D130_9m_halfinch,launch input_angle=+1max,98,9.280277758681047,0.405598806831322,1.086709961772899,0.49321197915296827,PASS
D130_9m_halfinch-al_flexure-Langt-,drone/al_flexure,D130_9m_halfinch,launch input_angle=-1max,98,9.280295344747138,0.4390336187602417,1.0723281358397339,0.49267127756969875,PASS
D130_9m_halfinch-al_flexure-Langs+,drone/al_flexure,D130_9m_halfinch,launch input_angle_sag=+1max,98,9.28028627235583,0.42283506524286407,1.0737074879141777,0.4922351431082735,PASS
D130_9m_halfinch-al_flexure-Langs-,drone/al_flexure,D130_9m_halfinch,launch input_angle_sag=-1max,98,9.280286829881247,0.4218089118796437,1.0853793547699644,0.4924352823841477,PASS
D130_9m_halfinch-hybrid-Mdtan+,drone/hybrid,D130_9m_halfinch,all mirrors dtan=+1max,98,9.280475711821154,0.4846941311805968,0.7016511391442282,0.3709934180055895,PASS
D130_9m_halfinch-hybrid-Mdtan-,drone/hybrid,D130_9m_halfinch,all mirrors dtan=-1max,98,9.280043646898275,0.10244694141361765,0.9567963339935184,0.39387027849171274,PASS
D130_9m_halfinch-hybrid-Mdsag+,drone/hybrid,D130_9m_halfinch,all mirrors dsag=+1max,98,9.28028760466518,0.3694524852589972,0.9187635648979093,0.48947144383125185,PASS
D130_9m_halfinch-hybrid-Mdsag-,drone/hybrid,D130_9m_halfinch,all mirrors dsag=-1max,98,9.28028529431371,0.30711994059812914,1.091056441395568,0.4823989146712487,PASS
D130_9m_halfinch-hybrid-Mdax+,drone/hybrid,D130_9m_halfinch,all mirrors dax=+1max,98,9.248315986091354,0.29515944419089457,0.8468492733309846,-1.0242017392182612,FAIL(clearance)
D130_9m_halfinch-hybrid-Mdax-,drone/hybrid,D130_9m_halfinch,all mirrors dax=-1max,98,9.312514060797408,0.24260497881541065,-0.2170860038484983,-1.0826826717904117,FAIL(clearance)
D130_9m_halfinch-hybrid-Mtiltt+,drone/hybrid,D130_9m_halfinch,all mirrors tiltt=+1max,98,9.280287221374188,0.4107449115518498,1.0967397745182867,0.49001458240532575,PASS
D130_9m_halfinch-hybrid-Mtiltt-,drone/hybrid,D130_9m_halfinch,all mirrors tiltt=-1max,98,9.280288746959624,0.4240829269330243,1.0628161945554304,0.4926982464820799,PASS
D130_9m_halfinch-hybrid-Mtilts+,drone/hybrid,D130_9m_halfinch,all mirrors tilts=+1max,98,9.280322173903205,0.43194235890774785,0.9945235234052356,0.49266529045699176,PASS
D130_9m_halfinch-hybrid-Mtilts-,drone/hybrid,D130_9m_halfinch,all mirrors tilts=-1max,98,9.280247866648585,0.36282551512116196,1.1247305254358764,0.49309393953318764,PASS
D130_9m_halfinch-hybrid-Lofft+,drone/hybrid,D130_9m_halfinch,launch input_offset_t=+1max,98,9.280289813211189,0.23514610348684184,1.0072859955711568,0.3269783067498492,PASS
D130_9m_halfinch-hybrid-Lofft-,drone/hybrid,D130_9m_halfinch,launch input_offset_t=-1max,98,9.280283311372889,0.5345486604819021,0.9893454758532374,0.36058159375019827,PASS
D130_9m_halfinch-hybrid-Loffz+,drone/hybrid,D130_9m_halfinch,launch input_offset_z=+1max,98,9.280281351555365,0.3358140926789848,1.012690599786061,0.3524903352716691,PASS
D130_9m_halfinch-hybrid-Loffz-,drone/hybrid,D130_9m_halfinch,launch input_offset_z=-1max,98,9.280291342095172,0.5044864861705454,1.1527260171395624,0.35313281835586113,PASS
D130_9m_halfinch-hybrid-Langt+,drone/hybrid,D130_9m_halfinch,launch input_angle=+1max,98,9.28026237351725,0.37629710599820154,1.0993192093092945,0.4936966092878321,PASS
D130_9m_halfinch-hybrid-Langt-,drone/hybrid,D130_9m_halfinch,launch input_angle=-1max,98,9.28031073519656,0.4682416782872849,1.0597698229227082,0.49221068443521004,PASS
D130_9m_halfinch-hybrid-Langs+,drone/hybrid,D130_9m_halfinch,launch input_angle_sag=+1max,98,9.280285783254381,0.42372402138644,1.063681359179288,0.48858548987267686,PASS
D130_9m_halfinch-hybrid-Langs-,drone/hybrid,D130_9m_halfinch,launch input_angle_sag=-1max,98,9.28028731645163,0.4209021310822537,1.0957763042464246,0.48903931848551546,PASS
D190_19m_2inch-NOM,nominal,D190_19m_2inch,none,152,19.27084806129109,10.343834790482243,3.84782066751516,0.9856219849755836,PASS
D190_19m_2inch-al_flexure-Mdtan+,drone/al_flexure,D190_19m_2inch,all mirrors dtan=+1max,152,19.270935359092192,10.278641811156227,3.810585582622653,0.8920114821285241,PASS
D190_19m_2inch-al_flexure-Mdtan-,drone/al_flexure,D190_19m_2inch,all mirrors dtan=-1max,152,19.270757559592308,10.408654967489097,3.705181579932316,0.8953287587746992,PASS
D190_19m_2inch-al_flexure-Mdsag+,drone/al_flexure,D190_19m_2inch,all mirrors dsag=+1max,152,19.27084899664687,10.180399020602417,3.846253319658916,0.9228060740649184,PASS
D190_19m_2inch-al_flexure-Mdsag-,drone/al_flexure,D190_19m_2inch,all mirrors dsag=-1max,152,19.270847140065097,10.444568458648403,3.8012505767107805,0.9228030122759326,PASS
D190_19m_2inch-al_flexure-Mdax+,drone/al_flexure,D190_19m_2inch,all mirrors dax=+1max,152,19.248052827309838,10.350440637199945,3.7074711465815007,-0.049575203894919095,FAIL(clearance)
D190_19m_2inch-al_flexure-Mdax-,drone/al_flexure,D190_19m_2inch,all mirrors dax=-1max,152,19.293596796992983,10.331054061872454,3.5798221398354078,-0.04917050110427601,FAIL(clearance)
D190_19m_2inch-al_flexure-Mtiltt+,drone/al_flexure,D190_19m_2inch,all mirrors tiltt=+1max,152,19.27084737948623,10.321182079461169,3.84707018169008,0.9844426394754362,PASS
D190_19m_2inch-al_flexure-Mtiltt-,drone/al_flexure,D190_19m_2inch,all mirrors tiltt=-1max,152,19.270850665235773,10.313116011079954,3.848577245545516,0.9845161067983471,PASS
D190_19m_2inch-al_flexure-Mtilts+,drone/al_flexure,D190_19m_2inch,all mirrors tilts=+1max,152,19.27086585913147,10.338178434276132,3.8404470961212995,0.9775293969962133,PASS
D190_19m_2inch-al_flexure-Mtilts-,drone/al_flexure,D190_19m_2inch,all mirrors tilts=-1max,152,19.27082969673377,10.349485293226941,3.809593859651184,0.977446709434592,PASS
D190_19m_2inch-al_flexure-Lofft+,drone/al_flexure,D190_19m_2inch,launch input_offset_t=+1max,152,19.27087070771932,10.376446547393245,3.7839477030225654,0.9289020905471749,PASS
D190_19m_2inch-al_flexure-Lofft-,drone/al_flexure,D190_19m_2inch,launch input_offset_t=-1max,152,19.270825618026887,10.311165571496481,3.8032733930794924,0.9301265693209104,PASS
D190_19m_2inch-al_flexure-Loffz+,drone/al_flexure,D190_19m_2inch,launch input_offset_z=+1max,152,19.270845771928933,10.300511861485171,3.823890516927844,0.9133317494289562,PASS
D190_19m_2inch-al_flexure-Loffz-,drone/al_flexure,D190_19m_2inch,launch input_offset_z=-1max,152,19.270850293211577,10.386935340260116,3.8214773250776912,0.9125792701916016,PASS
D190_19m_2inch-al_flexure-Langt+,drone/al_flexure,D190_19m_2inch,launch input_angle=+1max,152,19.270833752265585,10.366444613412646,3.8289969176414123,0.9744518482360975,PASS
D190_19m_2inch-al_flexure-Langt-,drone/al_flexure,D190_19m_2inch,launch input_angle=-1max,152,19.270862387935473,10.321195383684737,3.8666544673137553,0.9747805694812407,PASS
D190_19m_2inch-al_flexure-Langs+,drone/al_flexure,D190_19m_2inch,launch input_angle_sag=+1max,152,19.270848147901365,10.32537795449324,3.850721150230577,0.9838348466958821,PASS
D190_19m_2inch-al_flexure-Langs-,drone/al_flexure,D190_19m_2inch,launch input_angle_sag=-1max,152,19.270847974992957,10.362253353337186,3.844926336962971,0.9837464254222767,PASS
D190_19m_2inch-hybrid-Mdtan+,drone/hybrid,D190_19m_2inch,all mirrors dtan=+1max,152,19.271052152378047,10.160265077342158,3.7393058373853516,0.7570516351896401,PASS
D190_19m_2inch-hybrid-Mdtan-,drone/hybrid,D190_19m_2inch,all mirrors dtan=-1max,152,19.270625514274016,10.498771640749698,3.5089495981123076,0.7709852810781894,PASS
D190_19m_2inch-hybrid-Mdsag+,drone/hybrid,D190_19m_2inch,all mirrors dsag=+1max,152,19.27085032847398,9.937183187066376,3.8436041655898867,0.8318588806908438,PASS
D190_19m_2inch-hybrid-Mdsag-,drone/hybrid,D190_19m_2inch,all mirrors dsag=-1max,152,19.270845875417425,10.583627439297139,3.7242658132438686,0.8362008042055505,PASS
D190_19m_2inch-hybrid-Mdax+,drone/hybrid,D190_19m_2inch,all mirrors dax=+1max,152,19.219494994937506,10.282566836222216,3.5555572114852163,-1.3488132426473969,FAIL(clearance)
D190_19m_2inch-hybrid-Mdax-,drone/hybrid,D190_19m_2inch,all mirrors dax=-1max,152,19.32196734173959,10.206549763901213,2.8767376720532862,-1.3295953405075467,FAIL(clearance)
D190_19m_2inch-hybrid-Mtiltt+,drone/hybrid,D190_19m_2inch,all mirrors tiltt=+1max,152,19.270850514330462,10.283321022923772,3.8455061296700994,0.9818175179898494,PASS
D190_19m_2inch-hybrid-Mtiltt-,drone/hybrid,D190_19m_2inch,all mirrors tiltt=-1max,152,19.270859276802984,10.250504632854875,3.849851413068579,0.9818602824343174,PASS
D190_19m_2inch-hybrid-Mtilts+,drone/hybrid,D190_19m_2inch,all mirrors tilts=+1max,152,19.270894262473917,10.328738145603534,3.8089603575193394,0.9624701531226247,PASS
D190_19m_2inch-hybrid-Mtilts-,drone/hybrid,D190_19m_2inch,all mirrors tilts=-1max,152,19.2707978301198,10.358889810725815,3.746130724786081,0.963550455366802,PASS
D190_19m_2inch-hybrid-Lofft+,drone/hybrid,D190_19m_2inch,launch input_offset_t=+1max,152,19.27090340035868,10.422933671712041,3.676841058508245,0.8457507725239841,PASS
D190_19m_2inch-hybrid-Lofft-,drone/hybrid,D190_19m_2inch,launch input_offset_t=-1max,152,19.270793920607158,10.264396978915762,3.739974462803763,0.851393482737781,PASS
D190_19m_2inch-hybrid-Loffz+,drone/hybrid,D190_19m_2inch,launch input_offset_z=+1max,152,19.27084240158346,10.238240973873975,3.790434904204592,0.8085221209484724,PASS
D190_19m_2inch-hybrid-Loffz-,drone/hybrid,D190_19m_2inch,launch input_offset_z=-1max,152,19.270853382208283,10.44811697322386,3.769478402030662,0.8081541245913018,PASS
D190_19m_2inch-hybrid-Langt+,drone/hybrid,D190_19m_2inch,launch input_angle=+1max,152,19.270808754347787,10.405940056481786,3.796195627686349,0.9547333764781103,PASS
D190_19m_2inch-hybrid-Langt-,drone/hybrid,D190_19m_2inch,launch input_angle=-1max,152,19.270887501468703,10.281505791444811,3.8794164903184103,0.9540289301416698,PASS
D190_19m_2inch-hybrid-Langs+,drone/hybrid,D190_19m_2inch,launch input_angle_sag=+1max,152,19.270848300214883,10.292986906251114,3.855811686580259,0.9797855021185253,PASS
D190_19m_2inch-hybrid-Langs-,drone/hybrid,D190_19m_2inch,launch input_angle_sag=-1max,152,19.27084782472779,10.394393231359114,3.839876174051733,0.9797260947789714,PASS
D190_29m_max-NOM,nominal,D190_29m_max,none,204,29.247286937324237,0.3095328289155897,1.3498424568154714,0.7709042955945431,PASS
D190_29m_max-al_flexure-Mdtan+,drone/al_flexure,D190_29m_max,all mirrors dtan=+1max,204,29.247259175780933,0.4779674399055383,1.2637971877704397,0.7914729847365902,PASS
D190_29m_max-al_flexure-Mdtan-,drone/al_flexure,D190_29m_max,all mirrors dtan=-1max,204,29.24731409624112,0.13859881213388053,1.3812464497815262,0.724317621465908,PASS
D190_29m_max-al_flexure-Mdsag+,drone/al_flexure,D190_29m_max,all mirrors dsag=+1max,204,29.24729001513635,-0.04086750694776853,1.3673709010700215,0.8026848816526901,FAIL(clearance)
D190_29m_max-al_flexure-Mdsag-,drone/al_flexure,D190_29m_max,all mirrors dsag=-1max,204,29.247284043103132,0.5832211267714936,1.328485814982418,0.7277895145185764,PASS
D190_29m_max-al_flexure-Mdax+,drone/al_flexure,D190_29m_max,all mirrors dax=+1max,204,29.215504792479486,0.33521594065214727,1.3527098215491333,0.31224027468060545,PASS
D190_29m_max-al_flexure-Mdax-,drone/al_flexure,D190_29m_max,all mirrors dax=-1max,204,29.27906617124963,0.25756796413988897,1.2212387880997833,0.31944348949025536,PASS
D190_29m_max-al_flexure-Mtiltt+,drone/al_flexure,D190_29m_max,all mirrors tiltt=+1max,204,29.247292443067547,0.20611660020992012,1.2163058339587047,0.7707651175464943,PASS
D190_29m_max-al_flexure-Mtiltt-,drone/al_flexure,D190_29m_max,all mirrors tiltt=-1max,204,29.2472947797614,0.1226860648226814,1.1939235435231934,0.7711291290857459,PASS
D190_29m_max-al_flexure-Mtilts+,drone/al_flexure,D190_29m_max,all mirrors tilts=+1max,204,29.24728053313155,0.3389996891602219,1.3329022482580188,0.7840286637743532,PASS
D190_29m_max-al_flexure-Mtilts-,drone/al_flexure,D190_29m_max,all mirrors tilts=-1max,204,29.24729265456612,0.2799918220330587,1.3668033751031754,0.7536101625779454,PASS
D190_29m_max-al_flexure-Lofft+,drone/al_flexure,D190_29m_max,launch input_offset_t=+1max,204,29.247291094604616,0.3075795978583236,1.3317005878330348,0.7870654496069168,PASS
D190_29m_max-al_flexure-Lofft-,drone/al_flexure,D190_29m_max,launch input_offset_t=-1max,204,29.247282773696654,0.31148309072360747,1.2856336455705326,0.7159250289829946,PASS
D190_29m_max-al_flexure-Loffz+,drone/al_flexure,D190_29m_max,launch input_offset_z=+1max,204,29.24728769336451,0.20140608039141306,1.3680314086054188,0.8009071742008667,PASS
D190_29m_max-al_flexure-Loffz-,drone/al_flexure,D190_29m_max,launch input_offset_z=-1max,204,29.247286178437953,0.414333878781944,1.309168996849249,0.7095822960659033,PASS
D190_29m_max-al_flexure-Langt+,drone/al_flexure,D190_29m_max,launch input_angle=+1max,204,29.247295500776495,0.2612948852586719,1.3714886014253769,0.7697356550325462,PASS
D190_29m_max-al_flexure-Langt-,drone/al_flexure,D190_29m_max,launch input_angle=-1max,204,29.247278383860156,0.3575615762154152,1.3282252220390334,0.7720574871151149,PASS
D190_29m_max-al_flexure-Langs+,drone/al_flexure,D190_29m_max,launch input_angle_sag=+1max,204,29.247287376333304,0.26396716957637856,1.3554653070921667,0.7711401670298212,PASS
D190_29m_max-al_flexure-Langs-,drone/al_flexure,D190_29m_max,launch input_angle_sag=-1max,204,29.2472865022742,0.35489039275597084,1.3442626507954425,0.7706741516225034,PASS
D190_29m_max-hybrid-Mdtan+,drone/hybrid,D190_29m_max,all mirrors dtan=+1max,204,29.247219294994263,0.6957325591294139,1.0962356754175449,0.7471926958739477,PASS
D190_29m_max-hybrid-Mdtan-,drone/hybrid,D190_29m_max,all mirrors dtan=-1max,204,29.247351108535323,-0.10468626179440843,1.4251663730244584,0.6485848373257563,FAIL(clearance)
D190_29m_max-hybrid-Mdsag+,drone/hybrid,D190_29m_max,all mirrors dsag=+1max,186,26.402238813891504,,,,FAIL(incomplete)
D190_29m_max-hybrid-Mdsag-,drone/hybrid,D190_29m_max,all mirrors dsag=-1max,204,29.247280298212612,0.9461780015529175,1.2576062415116196,0.6636817709614761,PASS
D190_29m_max-hybrid-Mdax+,drone/hybrid,D190_29m_max,all mirrors dax=+1max,204,29.175773476373173,0.3241124099641379,1.3154192961926592,-0.34238858382817683,FAIL(clearance)
D190_29m_max-hybrid-Mdax-,drone/hybrid,D190_29m_max,all mirrors dax=-1max,204,29.318785684329963,0.22267607640553905,1.1336595371945983,-0.3372021509696401,FAIL(clearance)
D190_29m_max-hybrid-Mtiltt+,drone/hybrid,D190_29m_max,all mirrors tiltt=+1max,204,29.247331280979612,-0.012580824112068456,1.0795731206480217,0.770704942718152,FAIL(clearance)
D190_29m_max-hybrid-Mtiltt-,drone/hybrid,D190_29m_max,all mirrors tiltt=-1max,204,29.247337514044283,-0.20618949815694815,1.069184485010192,0.7717078327962579,FAIL(clearance)
D190_29m_max-hybrid-Mtilts+,drone/hybrid,D190_29m_max,all mirrors tilts=+1max,204,29.24726833298065,0.3879446178223373,1.2871276159136198,0.7893279440002535,PASS
D190_29m_max-hybrid-Mtilts-,drone/hybrid,D190_29m_max,all mirrors tilts=-1max,204,29.24730065668456,0.23059375519450775,1.3951169984213023,0.7201211827093443,PASS
D190_29m_max-hybrid-Lofft+,drone/hybrid,D190_29m_max,launch input_offset_t=+1max,204,29.247297022618742,0.280898244180166,1.2560884456048305,0.7196893383415447,PASS
D190_29m_max-hybrid-Lofft-,drone/hybrid,D190_29m_max,launch input_offset_t=-1max,204,29.247276814594166,0.31426423144470017,1.1944313926633598,0.623840815127007,PASS
D190_29m_max-hybrid-Loffz+,drone/hybrid,D190_29m_max,launch input_offset_z=+1max,204,29.247288768512966,0.04503702067248355,1.3447099119318233,0.7335139067503511,PASS
D190_29m_max-hybrid-Loffz-,drone/hybrid,D190_29m_max,launch input_offset_z=-1max,204,29.247285089350143,0.5558149192695792,1.255505359926043,0.61411293088078,PASS
D190_29m_max-hybrid-Langt+,drone/hybrid,D190_29m_max,launch input_angle=+1max,204,29.24731051096878,0.17638326550881162,1.4094362817232877,0.7676530169355358,PASS
D190_29m_max-hybrid-Langt-,drone/hybrid,D190_29m_max,launch input_angle=-1max,204,29.247263439215704,0.4411001894253333,1.290467349391137,0.7740387399272708,PASS
D190_29m_max-hybrid-Langs+,drone/hybrid,D190_29m_max,launch input_angle_sag=+1max,204,29.247288154132963,0.18373446580684555,1.365408511930581,0.7715668716468337,PASS
D190_29m_max-hybrid-Langs-,drone/hybrid,D190_29m_max,launch input_angle_sag=-1max,204,29.24728575045585,0.4337573324709414,1.334601924432497,0.7702850265543224,PASS
D150_14cm_flight-NOM,nominal,D150_14cm_flight,none,204,20.841759225035574,0.3659053306322622,2.514712410732322,0.9575260907406505,PASS
D150_14cm_flight-al_flexure-Mdtan+,drone/al_flexure,D150_14cm_flight,all mirrors dtan=+1max,204,20.841808883105923,0.476881244604855,2.4912921773387366,0.9055819434226315,PASS
D150_14cm_flight-al_flexure-Mdtan-,drone/al_flexure,D150_14cm_flight,all mirrors dtan=-1max,204,20.841708548101924,0.25177447570020095,2.540151545246957,0.9055888753762729,PASS
D150_14cm_flight-al_flexure-Mdsag+,drone/al_flexure,D150_14cm_flight,all mirrors dsag=+1max,204,20.841766313245735,-0.03655523954310219,2.7918255351626247,0.8673891604940123,FAIL(clearance)
D150_14cm_flight-al_flexure-Mdsag-,drone/al_flexure,D150_14cm_flight,all mirrors dsag=-1max,204,20.841752487656436,0.6867917279901159,2.238540816198861,0.8661859860757126,PASS
D150_14cm_flight-al_flexure-Mdax+,drone/al_flexure,D150_14cm_flight,all mirrors dax=+1max,204,20.81016029730619,0.2765075570633228,2.2442858841420374,0.17699117991613833,PASS
D150_14cm_flight-al_flexure-Mdax-,drone/al_flexure,D150_14cm_flight,all mirrors dax=-1max,204,20.873359651599863,0.38736591830728295,2.4165517185660677,0.19526937575158865,PASS
D150_14cm_flight-al_flexure-Mtiltt+,drone/al_flexure,D150_14cm_flight,all mirrors tiltt=+1max,204,20.84176242277399,0.2686171211435733,2.230667037367266,0.6553781442339343,PASS
D150_14cm_flight-al_flexure-Mtiltt-,drone/al_flexure,D150_14cm_flight,all mirrors tiltt=-1max,204,20.841764904344537,0.20260467560233647,2.612224848249468,0.6555427768533773,PASS
D150_14cm_flight-al_flexure-Mtilts+,drone/al_flexure,D150_14cm_flight,all mirrors tilts=+1max,204,20.841766870193748,0.3794917383600272,2.50899867628755,0.9572223064794507,PASS
D150_14cm_flight-al_flexure-Mtilts-,drone/al_flexure,D150_14cm_flight,all mirrors tilts=-1max,204,20.841751088708264,0.35227147371104595,2.5205438812421943,0.9569648780356694,PASS
D150_14cm_flight-al_flexure-Lofft+,drone/al_flexure,D150_14cm_flight,launch input_offset_t=+1max,204,20.841791944774116,0.35389037533467255,2.4980375868746174,0.8878057643573452,PASS
D150_14cm_flight-al_flexure-Lofft-,drone/al_flexure,D150_14cm_flight,launch input_offset_t=-1max,204,20.84172649026685,0.3778768372310514,2.5323139100675855,0.8882228423661842,PASS
D150_14cm_flight-al_flexure-Loffz+,drone/al_flexure,D150_14cm_flight,launch input_offset_z=+1max,204,20.841761106001496,0.2505153449099402,2.535584561635339,0.9022407337630107,PASS
D150_14cm_flight-al_flexure-Loffz-,drone/al_flexure,D150_14cm_flight,launch input_offset_z=-1max,204,20.841757369874436,0.48090896568486025,2.454067020327175,0.901799401511018,PASS
D150_14cm_flight-al_flexure-Langt+,drone/al_flexure,D150_14cm_flight,launch input_angle=+1max,204,20.841754147507363,0.3417596785865444,2.5166237717255533,0.9567844789042312,PASS
D150_14cm_flight-al_flexure-Langt-,drone/al_flexure,D150_14cm_flight,launch input_angle=-1max,204,20.84176430404041,0.38989866185172123,2.512818049989787,0.9570363849408818,PASS
D150_14cm_flight-al_flexure-Langs+,drone/al_flexure,D150_14cm_flight,launch input_angle_sag=+1max,204,20.84175989926362,0.32767872752251564,2.5385670343325613,0.9532686915065391,PASS
D150_14cm_flight-al_flexure-Langs-,drone/al_flexure,D150_14cm_flight,launch input_angle_sag=-1max,204,20.84175855463571,0.40408375401581653,2.4908641205650377,0.9537662351745935,PASS
D150_14cm_flight-hybrid-Mdtan+,drone/hybrid,D150_14cm_flight,all mirrors dtan=+1max,204,20.84187669569439,0.6251804056036858,2.461962202411108,0.8330823138256156,PASS
D150_14cm_flight-hybrid-Mdtan-,drone/hybrid,D150_14cm_flight,all mirrors dtan=-1max,204,20.841635885762607,0.08689572701106774,2.5617131075045405,0.8316712009604026,PASS
D150_14cm_flight-hybrid-Mdsag+,drone/hybrid,D150_14cm_flight,all mirrors dsag=+1max,3,0.2824980983636911,,,,FAIL(incomplete)
D150_14cm_flight-hybrid-Mdsag-,drone/hybrid,D150_14cm_flight,all mirrors dsag=-1max,204,20.841743633050598,1.1295959826739577,1.854001557274069,0.7359249339737591,PASS
D150_14cm_flight-hybrid-Mdax+,drone/hybrid,D150_14cm_flight,all mirrors dax=+1max,204,20.770663361648737,0.2264684114350864,1.8749267846155975,-0.7892204229664477,FAIL(clearance)
D150_14cm_flight-hybrid-Mdax-,drone/hybrid,D150_14cm_flight,all mirrors dax=-1max,204,20.912862709583965,0.28529128581769175,2.2975496716269004,-0.7572668868734838,FAIL(clearance)
D150_14cm_flight-hybrid-Mtiltt+,drone/hybrid,D150_14cm_flight,all mirrors tiltt=+1max,204,20.841787478090687,0.045866123446252294,1.760743856314728,0.1502947754156556,PASS
D150_14cm_flight-hybrid-Mtiltt-,drone/hybrid,D150_14cm_flight,all mirrors tiltt=-1max,204,20.84179409762997,-0.09516861083650618,2.664531984925231,0.1526239372904079,FAIL(clearance)
D150_14cm_flight-hybrid-Mtilts+,drone/hybrid,D150_14cm_flight,all mirrors tilts=+1max,204,20.841778520593195,0.4020297985885414,2.499738820114251,0.9561598186789693,PASS
D150_14cm_flight-hybrid-Mtilts-,drone/hybrid,D150_14cm_flight,all mirrors tilts=-1max,204,20.841736436719714,0.3294434443702731,2.5305232087231078,0.9557771579422489,PASS
D150_14cm_flight-hybrid-Lofft+,drone/hybrid,D150_14cm_flight,launch input_offset_t=+1max,204,20.841838661106603,0.3366506794257638,2.4758450197228536,0.7880464419703178,PASS
D150_14cm_flight-hybrid-Lofft-,drone/hybrid,D150_14cm_flight,launch input_offset_t=-1max,204,20.841679700317126,0.39490371902407717,2.5392076057653132,0.7884197180195605,PASS
D150_14cm_flight-hybrid-Loffz+,drone/hybrid,D150_14cm_flight,launch input_offset_z=+1max,204,20.841763838219258,0.06724250702653278,2.5653631543419158,0.822184064122401,PASS
D150_14cm_flight-hybrid-Loffz-,drone/hybrid,D150_14cm_flight,launch input_offset_z=-1max,204,20.84175476405239,0.6444963866267095,2.273193114488773,0.8222943175439887,PASS
D150_14cm_flight-hybrid-Langt+,drone/hybrid,D150_14cm_flight,launch input_angle=+1max,204,20.841745265333273,0.29914146632912736,2.5200095389924644,0.9551856534357874,PASS
D150_14cm_flight-hybrid-Langt-,drone/hybrid,D150_14cm_flight,launch input_angle=-1max,204,20.841773195904914,0.4315172569459105,2.509543846832948,0.9555651753326406,PASS
D150_14cm_flight-hybrid-Langs+,drone/hybrid,D150_14cm_flight,launch input_angle_sag=+1max,204,20.84176108839601,0.2606678957544567,2.580327412405143,0.9457779352465996,PASS
D150_14cm_flight-hybrid-Langs-,drone/hybrid,D150_14cm_flight,launch input_angle_sag=-1max,204,20.841757390625695,0.4707783765934529,2.4491453187830228,0.9460679072277682,PASS
D180_22m-NOM,nominal,D180_22m,none,182,22.47209243056732,0.31986161979868255,0.36679523768390904,0.9510371552792296,PASS
D180_22m-al_flexure-Mdtan+,drone/al_flexure,D180_22m,all mirrors dtan=+1max,182,22.472175456444006,0.36305312953285,0.4263190484818636,0.908643193574109,PASS
D180_22m-al_flexure-Mdtan-,drone/al_flexure,D180_22m,all mirrors dtan=-1max,182,22.472003132378784,0.23591273232939242,0.3086166344959183,0.9911343564275447,PASS
D180_22m-al_flexure-Mdsag+,drone/al_flexure,D180_22m,all mirrors dsag=+1max,182,22.472093653053594,0.2961127860307793,0.4330557373695991,0.9355384931441958,PASS
D180_22m-al_flexure-Mdsag-,drone/al_flexure,D180_22m,all mirrors dsag=-1max,182,22.472091287934955,0.3135437084483105,0.30801429539113145,0.9354847631829177,PASS
D180_22m-al_flexure-Mdax+,drone/al_flexure,D180_22m,all mirrors dax=+1max,182,22.445907137119747,0.31134232466514106,1.124030030765287,-0.19847488947815362,FAIL(clearance)
D180_22m-al_flexure-Mdax-,drone/al_flexure,D180_22m,all mirrors dax=-1max,182,22.498346537039108,0.27526206886192867,-0.4035198604560471,-0.015566677231071635,FAIL(clearance)
D180_22m-al_flexure-Mtiltt+,drone/al_flexure,D180_22m,all mirrors tiltt=+1max,182,22.472092015833425,0.2762054546468095,0.3654754450701088,0.9473514450255633,PASS
D180_22m-al_flexure-Mtiltt-,drone/al_flexure,D180_22m,all mirrors tiltt=-1max,182,22.47209432752362,0.3586013374703692,0.368162599469315,0.9547570130982503,PASS
D180_22m-al_flexure-Mtilts+,drone/al_flexure,D180_22m,all mirrors tilts=+1max,182,22.47210958833997,0.3224209888270151,0.3875125701886848,0.9526014681121326,PASS
D180_22m-al_flexure-Mtilts-,drone/al_flexure,D180_22m,all mirrors tilts=-1max,182,22.47207451260714,0.2964492576569639,0.346212283165102,0.9494199138136392,PASS
D180_22m-al_flexure-Lofft+,drone/al_flexure,D180_22m,launch input_offset_t=+1max,182,22.472115751124672,0.28386857753624295,0.44074514973361995,0.8779354433619393,PASS
D180_22m-al_flexure-Lofft-,drone/al_flexure,D180_22m,launch input_offset_t=-1max,182,22.472069141925168,0.34819851102970173,0.29387317329370766,1.0213251791570266,PASS
D180_22m-al_flexure-Loffz+,drone/al_flexure,D180_22m,launch input_offset_z=+1max,182,22.472088408644478,0.2571209198760443,0.4180606739081449,0.9202026288079947,PASS
D180_22m-al_flexure-Loffz-,drone/al_flexure,D180_22m,launch input_offset_z=-1max,182,22.472096422080636,0.3808914204352006,0.31775687694050037,0.9262906959836807,PASS
D180_22m-al_flexure-Langt+,drone/al_flexure,D180_22m,launch input_angle=+1max,182,22.47208150166629,0.30225045829570973,0.37441912813250017,0.9489258269979508,PASS
D180_22m-al_flexure-Langt-,drone/al_flexure,D180_22m,launch input_angle=-1max,182,22.472103364724088,0.3374370865431099,0.35918612207752837,0.9531147317390027,PASS
D180_22m-al_flexure-Langs+,drone/al_flexure,D180_22m,launch input_angle_sag=+1max,182,22.472091701414072,0.3110442058416513,0.37226500390551137,0.9497804413283484,PASS
D180_22m-al_flexure-Langs-,drone/al_flexure,D180_22m,launch input_angle_sag=-1max,182,22.472093161252662,0.3246345613670471,0.36138059787521676,0.9522840493371583,PASS
D180_22m-hybrid-Mdtan+,drone/hybrid,D180_22m,all mirrors dtan=+1max,182,22.472281158587958,0.42307886823332647,0.5117420362027186,0.8478176474601347,PASS
D180_22m-hybrid-Mdtan-,drone/hybrid,D180_22m,all mirrors dtan=-1max,182,22.4718675741767,0.1168539994051711,0.2296099877965846,0.9952091069516112,PASS
D180_22m-hybrid-Mdsag+,drone/hybrid,D180_22m,all mirrors dsag=+1max,182,22.472095498457687,0.16278372204824992,0.5370591472595156,0.8818889661828823,PASS
D180_22m-hybrid-Mdsag-,drone/hybrid,D180_22m,all mirrors dsag=-1max,182,22.472089822788462,0.3044577301284296,0.23962620052278044,0.8829060669638411,PASS
D180_22m-hybrid-Mdax+,drone/hybrid,D180_22m,all mirrors dax=+1max,182,22.41326354804059,0.2766293534321344,1.229082163765838,-1.689270881822657,FAIL(clearance)
D180_22m-hybrid-Mdax-,drone/hybrid,D180_22m,all mirrors dax=-1max,182,22.531266846486144,0.27447605576669887,-0.9761235713171381,-1.335774846788061,FAIL(clearance)
D180_22m-hybrid-Mtiltt+,drone/hybrid,D180_22m,all mirrors tiltt=+1max,182,22.472094618430486,0.2031869516028123,0.3633810516477416,0.9412854235763053,PASS
D180_22m-hybrid-Mtiltt-,drone/hybrid,D180_22m,all mirrors tiltt=-1max,182,22.472100782954346,0.4079742586986028,0.3705477303729836,0.9610314164095511,PASS
D180_22m-hybrid-Mtilts+,drone/hybrid,D180_22m,all mirrors tilts=+1max,182,22.47213649541859,0.32655037710760154,0.4223312389870682,0.9550918553013136,PASS
D180_22m-hybrid-Mtilts-,drone/hybrid,D180_22m,all mirrors tilts=-1max,182,22.472042959939838,0.25726617483224934,0.3122151584759301,0.9466061485431667,PASS
D180_22m-hybrid-Lofft+,drone/hybrid,D180_22m,launch input_offset_t=+1max,182,22.472149123383904,0.2319746767989555,0.5479858976208094,0.7731506713737667,PASS
D180_22m-hybrid-Lofft-,drone/hybrid,D180_22m,launch input_offset_t=-1max,182,22.472035925987253,0.38852061660720794,0.1917002952396838,0.9343592545923907,PASS
D180_22m-hybrid-Loffz+,drone/hybrid,D180_22m,launch input_offset_z=+1max,182,22.472082610701058,0.16699913501305524,0.4948286300559404,0.8338793184649298,PASS
D180_22m-hybrid-Loffz-,drone/hybrid,D180_22m,launch input_offset_z=-1max,182,22.472102071083242,0.4676751039278761,0.2519216360625186,0.8424952477415565,PASS
D180_22m-hybrid-Langt+,drone/hybrid,D180_22m,launch input_angle=+1max,182,22.47206238877087,0.2713456843217175,0.3877965604447907,0.9451518775399848,PASS
D180_22m-hybrid-Langt-,drone/hybrid,D180_22m,launch input_angle=-1max,182,22.472122512110374,0.36810760930616665,0.34590565067481543,0.956666999483118,PASS
D180_22m-hybrid-Langs+,drone/hybrid,D180_22m,launch input_angle_sag=+1max,182,22.4720904290849,0.29545931966340916,0.381968421727341,0.9475575575297219,PASS
D180_22m-hybrid-Langs-,drone/hybrid,D180_22m,launch input_angle_sag=-1max,182,22.47209444363639,0.33298068452233265,0.35203895012783987,0.954442488792951,PASS
